start_h,start_m,start_s,start_ms,end_h,end_m,end_s,end_ms,text
0,0,0,0,0,0,8,0,。
0,1,0,0,0,1,5,0,ご視聴ありがとうございました
0,1,30,0,0,1,35,0,ご視聴ありがとうございました
0,2,1,0,0,2,4,0,みなさんこんばんは
0,2,4,0,0,2,7,0,アニマーレのオーラ・ロカコです
0,2,7,0,0,2,9,0,ミュートっぽい
0,2,9,0,0,2,11,0,ミュートかな
0,2,11,0,0,2,14,0,なんかミュートになってたみたいですね
0,2,14,0,0,2,16,0,今日はそういう日です
0,2,16,0,0,2,19,0,今日は疲れてるんで
0,2,19,0,0,2,21,0,僕たちは頑張ってたから
0,2,21,0,0,2,26,0,声は確かに疲れて聞こえるかもしれないんですけど
0,2,26,0,0,2,30,0,声は疲れて聞こえるかもしれないんですけど
0,2,30,0,0,2,32,0,精神は元気なんでね
0,2,32,0,0,2,34,0,いや疲れたもう疲れた
0,2,34,0,0,2,36,0,もうイヤイヤ
0,2,36,0,0,2,40,0,疲れてないよ
0,2,42,0,0,2,44,0,疲れてないよ
0,2,44,0,0,2,47,0,声だけです落ち着いてください
0,2,47,0,0,2,49,0,ということで
0,2,49,0,0,2,52,0,今日はですね素敵なゲストお二人来てくださってるので
0,2,52,0,0,2,54,0,自己紹介お願いしたいと思います
0,2,54,0,0,2,56,0,シャロさんから
0,2,56,0,0,2,59,0,どうも皆様こんばんは
0,2,59,0,0,3,2,0,ハニーストラップの島村シャイロットです
0,3,2,0,0,3,4,0,本日はラジオということで
0,3,4,0,0,3,11,0,落ち着いてバカを出さず賢く見えるように頑張りたいと思います
0,3,11,0,0,3,13,0,はいありがとうございます
0,3,13,0,0,3,16,0,随分としっとりとされている感じで
0,3,16,0,0,3,23,0,ルーちゃんのしっとりを目標にさせていただいて
0,3,23,0,0,3,26,0,今日は質度高めていきましょうか
0,3,26,0,0,3,28,0,じゃあ愛知佳さんお願いします
0,3,28,0,0,3,32,0,はい皆さんこんばんは
0,3,32,0,0,3,35,0,こんばんは
0,3,35,0,0,3,37,0,意識小居さんじゃん
0,3,37,0,0,3,40,0,25時とは思えぬテンションです皆さんどうも
0,3,40,0,0,3,44,0,私は18時頃まで作業していたんですけど
0,3,44,0,0,3,49,0,その後23時まで爆睡してましたので元気です
0,3,49,0,0,3,50,0,やった
0,3,50,0,0,3,52,0,元気が一番ですね本当に
0,3,52,0,0,3,56,0,別にこのラジオしっとりしてるわけでもないし
0,3,56,0,0,4,0,0,落ち着いてるわけでも全くないんで自由にしていただいて大丈夫です
0,4,0,0,0,4,5,0,ただしリスナーの有権者の皆様にお伝えしておきたいんですけど
0,4,5,0,0,4,9,0,前回死ぬほど下ネタだったんですけど
0,4,9,0,0,4,13,0,毎週金曜日の深夜にやってるんだけど
0,4,13,0,0,4,19,0,前回結構アクセルベタぶみ200キロの下ネタ回だったんですけど
0,4,19,0,0,4,22,0,今回はマジで精錬潔白なんで安心してください
0,4,22,0,0,4,25,0,1ミリも出ないです
0,4,25,0,0,4,31,0,その点だけちょっと有権者の皆様には訴えていきたいポイントですね
0,4,31,0,0,4,33,0,よろしくお願いします
0,4,33,0,0,4,34,0,何でお話したの?
0,4,34,0,0,4,37,0,でもエゴサで出てきたよ
0,4,37,0,0,4,38,0,どういうこと?
0,4,38,0,0,4,43,0,私がエゴサした時にオーラル格好がどうのこうのって
0,4,43,0,0,4,45,0,出てたから
0,4,45,0,0,4,46,0,一番欲しいところでしょ
0,4,46,0,0,4,48,0,何が?
0,4,48,0,0,4,53,0,あれあれリンちゃんとソヤとルカコのコラボの後だからか分かんないけど
0,4,53,0,0,5,0,0,今回のルカコのラジオすげーなーみたいな感じで出てきた
0,5,0,0,0,5,3,0,ルカコとんでもないこと話したんだなって
0,5,3,0,0,5,7,0,そんなとんでもないことなんもなかったよ
0,5,7,0,0,5,9,0,普通だったよ
0,5,9,0,0,5,10,0,チームキミッパ
0,5,10,0,0,5,11,0,見ないで
0,5,11,0,0,5,15,0,3人のフォームのやつで
0,5,15,0,0,5,19,0,でもなんか
0,5,19,0,0,5,24,0,少女のルカコさんは黙っといてくださいってやつを切り抜きで見たよ
0,5,24,0,0,5,26,0,私もその切り抜き見たな
0,5,26,0,0,5,29,0,なんでも見せてんだよインターネット
0,5,29,0,0,5,33,0,シャルさんにそんなもの見せないで
0,5,33,0,0,5,37,0,本当に困ります
0,5,37,0,0,5,39,0,私からは一切何もね
0,5,39,0,0,5,44,0,今日新聞の話はしないっていうことで固く決めてるんで
0,5,44,0,0,5,49,0,その点だけ安心いただけたらなって思ってます
0,5,49,0,0,5,51,0,ということでですね
0,5,51,0,0,5,59,0,本日は普通のお便りと愛される女の2本でお送りしていくんですけれども
0,5,59,0,0,6,2,0,音量何かありましたら教えてください
0,6,2,0,0,6,6,0,おいしそう悪いって言われたけど悪い?大丈夫?悪い?
0,6,6,0,0,6,7,0,分かんない
0,6,7,0,0,6,9,0,いつもと一緒?
0,6,9,0,0,6,10,0,じゃあいいや
0,6,10,0,0,6,12,0,いつもよりちょっとあれっぽいかも
0,6,12,0,0,6,15,0,ちょっとザラザラしているかもしれない
0,6,15,0,0,6,17,0,嘘?
0,6,17,0,0,6,19,0,ちょっと一回入り直していい?
0,6,19,0,0,6,21,0,いいよ
0,6,21,0,0,6,23,0,ちょっと音荒れてる確かに
0,6,23,0,0,6,25,0,デフォの音少し上げてもらおうかな
0,6,25,0,0,6,29,0,私デスコの200%にしちゃってるからかも
0,6,29,0,0,6,31,0,OK
0,6,32,0,0,6,35,0,少し下げておくわ
0,6,39,0,0,6,41,0,少し悪気味
0,6,41,0,0,6,43,0,2倍数でいいんだよね
0,6,45,0,0,6,47,0,10%上げた
0,6,48,0,0,6,51,0,じゃああと10%上げてもらっていい?
0,6,53,0,0,6,55,0,10%上げた
0,6,55,0,0,6,58,0,今日はそんな感じでいきたいと思います
0,6,58,0,0,7,0,0,よろしくお願いします
0,7,0,0,0,7,2,0,マイクはさ
0,7,4,0,0,7,9,0,マイクってなんか上にははるか上まであるじゃないですか
0,7,9,0,0,7,11,0,そうだね
0,7,11,0,0,7,17,0,私今普通にナナシさんに貸してもらってるやつ使っててずっと
0,7,17,0,0,7,22,0,そのナナシさんに貸してもらってるやつがさ
0,7,22,0,0,7,28,0,私一時期真冬に貸し付き90%で運用してたんだけど
0,7,28,0,0,7,32,0,そのタイミングからちょっと様子がおかしいんだよねずっと
0,7,32,0,0,7,35,0,質度分かんな
0,7,35,0,0,7,39,0,え?シャルがナナシさんから借りたマイク貸そうか?
0,7,40,0,0,7,45,0,いやでもねなんかなんだかんだでなんか復活してきて
0,7,47,0,0,7,49,0,そうなんだ
0,7,49,0,0,7,54,0,どうしようと思ったら結構前にいちかさんに一回相談したじゃないですか
0,7,54,0,0,7,56,0,確かに何使ってるって
0,7,56,0,0,8,2,0,貸し付き90%で使ってたらすごい調子悪くなってブーンって言うんですよねって
0,8,2,0,0,8,6,0,相談していちかさんに教えてもらったの色々
0,8,6,0,0,8,9,0,調べてみたら自分で調べてみたらマイクの
0,8,9,0,0,8,14,0,マイクってかオーディオ系の世界あまりにも沼が深すぎて
0,8,15,0,0,8,20,0,すごいビビリ散らかしてひたすらマイクを乾かしてたら治ったの
0,8,20,0,0,8,22,0,治ったの?
0,8,22,0,0,8,25,0,治った今だから普通に聞こえてるでしょ
0,8,25,0,0,8,28,0,普通に聞こえてる
0,8,28,0,0,8,31,0,これをずっと使っていきたいと思って
0,8,31,0,0,8,33,0,でも分かんないよね
0,8,33,0,0,8,36,0,本来もうちょっと透き通ってたかもしんないよね
0,8,36,0,0,8,38,0,確かに
0,8,38,0,0,8,40,0,今慣れてるけど
0,8,40,0,0,8,45,0,この間コナミアのスペースにちょっとだけお邪魔した時があったんだけど
0,8,45,0,0,8,51,0,そしたら1000円とかのイヤフォンの方が音質いいねって
0,8,51,0,0,8,55,0,声良いよく聞こえるみたいなこと言われてて
0,8,55,0,0,8,58,0,コメントでタグで
0,8,58,0,0,9,4,0,私今のマイク1000円のイヤフォンに付いてるマイク以下かもしれない
0,9,4,0,0,9,9,0,いやだから前の音が悪すぎて今マシに聞こえるけど
0,9,9,0,0,9,11,0,結局マイナスなんじゃない?
0,9,11,0,0,9,13,0,そうなのかな
0,9,13,0,0,9,15,0,本来のマイクより
0,9,15,0,0,9,21,0,じゃあ次1回この1000円のイヤフォン付属のマイクでやってみようかな
0,9,21,0,0,9,22,0,そっちでやるんだ
0,9,22,0,0,9,23,0,聞いてみたい
0,9,23,0,0,9,25,0,確かにやってみてほしい
0,9,25,0,0,9,30,0,みんなどれくらい音質が変わるのかっていうのを
0,9,30,0,0,9,33,0,実際に配信で聞いてみないと分かんないよね
0,9,33,0,0,9,36,0,そんな10万もするマイクとか
0,9,36,0,0,9,39,0,すげークソ高いオーディオインターフェースとかいっぱいあるけど
0,9,39,0,0,9,42,0,正直耳がバカだからあんま分かんないんだよな
0,9,42,0,0,9,44,0,分かんないシャルも
0,9,44,0,0,9,49,0,高いって言っても系統で音全然違う気がする
0,9,49,0,0,9,54,0,曇ってるってか優しい感じに聞こえるマイクもあれば
0,9,54,0,0,9,56,0,シャリシャリしてるっていうか
0,9,56,0,0,10,2,0,声のフチがめちゃくちゃ聞こえるようなマイクもあるしさ
0,10,2,0,0,10,4,0,声のフチって何?
0,10,4,0,0,10,6,0,そう思ったらかっこよくない?
0,10,6,0,0,10,8,0,私もこれから言っていきたい
0,10,8,0,0,10,10,0,やめる?
0,10,10,0,0,10,12,0,シャルもずっと使って
0,10,12,0,0,10,14,0,やだー
0,10,14,0,0,10,16,0,ちょっとやめて
0,10,16,0,0,10,17,0,やめてー
0,10,17,0,0,10,22,0,すごい声の粒がすごい立ってるよね
0,10,22,0,0,10,24,0,なんかいい炊飯器みたいな
0,10,24,0,0,10,27,0,いい炊飯器とか米の粒が立ってる
0,10,27,0,0,10,31,0,今回の歌すごい声のフチがはっきりと
0,10,31,0,0,10,34,0,だるいよこれ
0,10,34,0,0,10,37,0,いじられてるだけだから
0,10,37,0,0,10,41,0,ちょっとなんかシャリ感があるよね今日のイチカワさん
0,10,41,0,0,10,42,0,シャリは大事だよね
0,10,42,0,0,10,44,0,全部米なんよ俺も大事だよ
0,10,44,0,0,10,47,0,シャリとか米が立つとか
0,10,49,0,0,10,51,0,全部お米
0,10,51,0,0,10,53,0,お便り読むわ
0,10,53,0,0,10,55,0,読むわ
0,10,56,0,0,10,57,0,お便り
0,10,57,0,0,10,59,0,聞かせてくれよ
0,10,59,0,0,11,3,0,この配信一応あれなんだよね
0,11,3,0,0,11,7,0,最初に始まる前にNGとかありますかって
0,11,7,0,0,11,10,0,本当はいつも聞いてるんだけど今回何も聞いてない
0,11,10,0,0,11,11,0,そうだよね
0,11,11,0,0,11,12,0,全然全然
0,11,12,0,0,11,13,0,ないです
0,11,13,0,0,11,15,0,ありがとうございます
0,11,15,0,0,11,17,0,じゃあ1通目ですね
0,11,17,0,0,11,21,0,ラジオネーム渡辺ゆう子さんからの普通音です
0,11,21,0,0,11,24,0,ゆう子ありがとうございます
0,11,24,0,0,11,25,0,ありがとうございます
0,11,25,0,0,11,29,0,ゆか子さんシャルさんイチカさんこんばんぽむのき
0,11,29,0,0,11,31,0,こんばんぽむのき
0,11,31,0,0,11,33,0,あれかいじゃない
0,11,33,0,0,11,35,0,間違えてるからな
0,11,35,0,0,11,37,0,ぽむのき
0,11,37,0,0,11,39,0,シンプルに間違えてきた
0,11,39,0,0,11,41,0,ぽむぽむ
0,11,41,0,0,11,47,0,私はオムライス大好きここなら学校帰りに通えるやんけ
0,11,47,0,0,11,50,0,という純粋ムクムクな理由だけで
0,11,50,0,0,11,53,0,オムライス屋のバイト面接へ行ったところ
0,11,53,0,0,11,57,0,赤いチェックに肩フリフリのついたエプロンスカードで接客することになってしまい
0,11,57,0,0,12,4,0,友人や家族にかわいいじゃんと言われる恥ずかしめを受けた過去を持つ残念女です
0,12,4,0,0,12,7,0,周知とオムライスへの愛を天秤にかけた結果
0,12,7,0,0,12,13,0,まかないご飯でオムライスもパンもジャガイモもサラダのドレッシングもうまーい最高!
0,12,13,0,0,12,16,0,となりきっちり1年続けました
0,12,16,0,0,12,21,0,神絵師のみんなラケル制服で検索して3人のファンアート書いてくれよな
0,12,21,0,0,12,24,0,ところで何着てたってかわいいだろうお三方は
0,12,24,0,0,12,30,0,ここの制服がかわいい着てみたいなど印象に残った装いがあれば教えてください
0,12,30,0,0,12,31,0,はい先生
0,12,31,0,0,12,32,0,はいシャルさん
0,12,32,0,0,12,34,0,ラケルって何ですか
0,12,34,0,0,12,36,0,ラケル行ったことないのシャルさん
0,12,36,0,0,12,37,0,あ場所なの
0,12,37,0,0,12,39,0,オムライス屋
0,12,39,0,0,12,41,0,あこの前言ってたやつ2人が
0,12,41,0,0,12,43,0,それは言う
0,12,45,0,0,12,47,0,もう興味冷めちゃったもん
0,12,47,0,0,12,50,0,いやわかんないんだもん
0,12,50,0,0,12,53,0,えでも制服わかんない調べてな出てくる
0,12,53,0,0,12,56,0,ラケル制服で検索してみてね
0,12,56,0,0,13,3,0,なんかね結構レトロな感じのレストランの制服みたいな感じで
0,13,3,0,0,13,6,0,なんかねオムライス屋なんだけど
0,13,6,0,0,13,11,0,オムライスにパンがついてくるの
0,13,11,0,0,13,13,0,へー
0,13,13,0,0,13,15,0,どこにあるの
0,13,15,0,0,13,18,0,私が行ったことあるのは池袋
0,13,18,0,0,13,21,0,あいいね
0,13,21,0,0,13,24,0,なんかすごいねフリフリして
0,13,24,0,0,13,29,0,この方がラケルでバイトしてたの
0,13,29,0,0,13,30,0,そう渡辺さんがね
0,13,30,0,0,13,32,0,あーゆう子さんね
0,13,32,0,0,13,36,0,ゆう子さんがラケルでハザードしてた
0,13,36,0,0,13,39,0,あーすごい
0,13,39,0,0,13,41,0,だからねなんかすごい
0,13,41,0,0,13,43,0,芋ついてるんだっけ
0,13,43,0,0,13,45,0,多分芋もついてる気がする
0,13,45,0,0,13,46,0,はいはいはい
0,13,46,0,0,13,49,0,糖質と糖質と糖質が食べられるっていうすげー店
0,13,49,0,0,13,52,0,えーすごいタンパク質じゃないや
0,13,52,0,0,13,53,0,炭水化物いっぱい
0,13,53,0,0,13,54,0,そうだから
0,13,54,0,0,13,55,0,モリモリ
0,13,55,0,0,13,59,0,モリモリ食べた後すっごい眠くなる血糖値スパイクで
0,13,59,0,0,14,1,0,あーいいね
0,14,1,0,0,14,3,0,それはそうだね
0,14,3,0,0,14,4,0,ねみーみたいな
0,14,4,0,0,14,5,0,制服がかわいい
0,14,5,0,0,14,6,0,ねーかわいい
0,14,6,0,0,14,11,0,制服がかわいいところなんか思い当たるところあります
0,14,11,0,0,14,12,0,ちょっとねー
0,14,12,0,0,14,13,0,私
0,14,13,0,0,14,14,0,何何教えて
0,14,14,0,0,14,15,0,私ねー
0,14,15,0,0,14,20,0,あのーみんなに着てほしい服で一番最初に思いつくのが
0,14,20,0,0,14,22,0,あのディズニーランドの
0,14,22,0,0,14,23,0,うん
0,14,23,0,0,14,26,0,ホーンテッドマンションのキャストさんの制服めっちゃかわいいの
0,14,26,0,0,14,28,0,えーめっちゃわかる
0,14,28,0,0,14,32,0,めちゃめちゃかわいいし
0,14,32,0,0,14,35,0,あとさいつの間にか世の中ってもうハロウィンじゃん
0,14,35,0,0,14,36,0,うん
0,14,36,0,0,14,38,0,ハロウィンの仮装にもぴったりだと思うんで
0,14,38,0,0,14,40,0,みなさんちょっとね推しのね
0,14,40,0,0,14,46,0,あの7thincの推しのホーンテッドマンションのキャストさんの制服ちょっと書いてほしい
0,14,46,0,0,14,47,0,うんかわいい
0,14,47,0,0,14,48,0,すげー好き
0,14,48,0,0,14,52,0,あのータワーオブテラーもかわいいんだけど
0,14,52,0,0,14,53,0,うん
0,14,53,0,0,14,55,0,どっちかと言えばホーンテッドが好き
0,14,55,0,0,14,56,0,うん
0,14,56,0,0,14,59,0,2人も絶対似合うと思う
0,14,59,0,0,15,1,0,緑のやつ?
0,15,1,0,0,15,2,0,緑のやつ
0,15,2,0,0,15,4,0,緑のやつめっちゃかわいい
0,15,4,0,0,15,5,0,めっちゃかわいいよね
0,15,5,0,0,15,7,0,そうヘッドドレスがコンモリなんだよね
0,15,7,0,0,15,8,0,うん
0,15,8,0,0,15,11,0,そうでなんかディズニーって最近そのー
0,15,11,0,0,15,14,0,ハロウィンの時期だったら大人も
0,15,14,0,0,15,16,0,あのーコスプレというか服
0,15,16,0,0,15,19,0,なんかそのキャラクターモチーフのやつ着てもいいんだけど
0,15,19,0,0,15,20,0,うん
0,15,20,0,0,15,23,0,あのーキャストさんの制服だけはNGなんだよね
0,15,23,0,0,15,24,0,確か
0,15,24,0,0,15,27,0,やっぱそのキャストさんと見分けがつかなくなっちゃうから
0,15,27,0,0,15,28,0,あー
0,15,28,0,0,15,29,0,そうっていうのがあって
0,15,29,0,0,15,31,0,実際にはできないからさ現地で
0,15,31,0,0,15,32,0,うん
0,15,32,0,0,15,33,0,あー
0,15,33,0,0,15,35,0,めちゃめちゃかわいいよ
0,15,35,0,0,15,36,0,かわいい
0,15,36,0,0,15,40,0,なんかこういう長めのメイド服私結構好きなんだよね
0,15,40,0,0,15,41,0,いやわかる
0,15,41,0,0,15,43,0,ねえかわいいよね
0,15,43,0,0,15,46,0,いやめっちゃわかる
0,15,46,0,0,15,47,0,そう
0,15,47,0,0,15,49,0,短いメイド服より
0,15,49,0,0,15,50,0,うん
0,15,50,0,0,15,54,0,ロングなちょっとシックな感じがちょっとかわいいわ
0,15,54,0,0,15,56,0,そう私もなんか
0,15,56,0,0,15,57,0,いいね
0,15,56,0,0,16,0,0,基本的にクラシカルのメイドキッサーがすごい好きで
0,16,0,0,0,16,1,0,うん
0,16,1,0,0,16,5,0,なんかあのー秋葉原にあったシャッツキッスとか行ったことあったんだけど
0,16,5,0,0,16,7,0,もうあの閉店しちゃったんだけど
0,16,7,0,0,16,10,0,それもすごいなんかめちゃめちゃロングですごい綺麗だった
0,16,10,0,0,16,12,0,いやいいよね
0,16,12,0,0,16,13,0,うん
0,16,13,0,0,16,14,0,やっぱその
0,16,14,0,0,16,17,0,想像はかどるからスカートの中しかり
0,16,17,0,0,16,18,0,はははは
0,16,18,0,0,16,21,0,肌があまりにも見えてなさすぎて
0,16,21,0,0,16,23,0,いや肌見せないほうがいいよ
0,16,23,0,0,16,24,0,いやいいのよ
0,16,24,0,0,16,25,0,うん
0,16,25,0,0,16,33,0,思い隠されているところにやっぱその人間ってやっぱ想像力を備えた生き物だから
0,16,33,0,0,16,40,0,何もかもね明らさますぎると明けすけすぎるとやっぱちょっと想像脳を稼働させる余地がないからね
0,16,40,0,0,16,42,0,いやそうそうそうそう
0,16,42,0,0,16,44,0,そういうのがあるんですね
0,16,44,0,0,16,45,0,いいね
0,16,45,0,0,16,46,0,そうなんよ
0,16,46,0,0,16,47,0,わかる
0,16,47,0,0,16,51,0,あつばき屋コーヒー店もいいねつばき屋コーヒー店のカレーがうまい
0,16,51,0,0,16,55,0,あ!そっ!あれ?それってどこにあるやつ?
0,16,55,0,0,16,57,0,どこにでもある
0,16,57,0,0,17,1,0,上野にもあるし池袋にもあるし新宿にもあるんじゃないか
0,17,1,0,0,17,2,0,あやっぱそうだよね
0,17,2,0,0,17,3,0,渋谷にもある
0,17,3,0,0,17,5,0,私そこ言おうとした
0,17,5,0,0,17,9,0,いやじゃあコメント欄の人と聞き合ってる私も好き
0,17,9,0,0,17,10,0,つばき屋
0,17,10,0,0,17,12,0,そこ言おうとした
0,17,12,0,0,17,13,0,うん
0,17,13,0,0,17,15,0,あそこもいいよね長くてメイド服
0,17,15,0,0,17,17,0,めちゃめちゃいい
0,17,17,0,0,17,18,0,わかる
0,17,18,0,0,17,24,0,いやでもねつばき屋は服もいいしとにかく死ぬほどカレーがうまくて
0,17,24,0,0,17,25,0,かわいい
0,17,25,0,0,17,27,0,私カレーをしてた気がする
0,17,27,0,0,17,30,0,そう1500円くらいするんだよねでも
0,17,30,0,0,17,33,0,1500円のカレーってどう?
0,17,33,0,0,17,35,0,高いね
0,17,35,0,0,17,36,0,高いね
0,17,36,0,0,17,37,0,そうなの?
0,17,37,0,0,17,39,0,ここ一何倍分ってこと?
0,17,39,0,0,17,44,0,ここ一はでも意外とねここ一思ったより高いんすよだからね2杯くらいしか食べれないわ
0,17,44,0,0,17,46,0,2杯も食べれないわ
0,17,46,0,0,17,48,0,ここ一も高かったっけ?
0,17,48,0,0,17,54,0,ここ一意外と600円くらいだと思ってお会計すると1000円になる大名手だよあれは
0,17,54,0,0,17,56,0,トッピングしまくっちゃうしな私
0,17,56,0,0,18,1,0,トッピングしまくっちゃうのまずいねそれ1000円超えるときもある
0,18,1,0,0,18,5,0,うんでも超えてたかも野菜めっちゃトッピングしてた気がする
0,18,5,0,0,18,10,0,でもほらさ一番安いやつだとさ460円だよ
0,18,10,0,0,18,11,0,それも駅だけじゃん多分
0,18,11,0,0,18,14,0,カレーのさあやべスマホ落とした
0,18,17,0,0,18,22,0,今もうさここ一に対してさ熱弁をふるいすぎてさスマホ落とした
0,18,24,0,0,18,26,0,いやカレー食べたくなってきちゃった深夜に
0,18,26,0,0,18,28,0,カレー美味しいよな
0,18,28,0,0,18,29,0,カレー美味しい
0,18,29,0,0,18,33,0,昔オムライスの話してたのにシャロさんなんか期待制服ある?
0,18,33,0,0,18,38,0,あるねあの2人の話をついていくのにずっと検索してた
0,18,38,0,0,18,41,0,コンデッドマンション椿屋とか
0,18,41,0,0,18,46,0,あのさ普通のさファミレスのさデニーズも可愛くない?
0,18,46,0,0,18,48,0,あデニーズ可愛い
0,18,48,0,0,18,52,0,デニーズの制服も好きなんよ
0,18,52,0,0,18,55,0,デニーズさちょっと襟立ってなかったっけ制服あれ?
0,18,55,0,0,18,56,0,違ったっけ?
0,18,56,0,0,18,57,0,なかったっけ?
0,18,57,0,0,19,0,0,違ったかデニーズ制服私が思ってるファミレスじゃないのかなこれ
0,19,0,0,0,19,1,0,あー
0,19,1,0,0,19,4,0,あリボンだリボンのやつね
0,19,4,0,0,19,9,0,なんか青っぽいグリーンっぽい
0,19,9,0,0,19,13,0,あーはいはいはいリボンついてるやつこれだ
0,19,13,0,0,19,15,0,可愛いデニーズいいね
0,19,15,0,0,19,23,0,可愛いよねデニーズの制服もなんかいいなって思ってた行った時
0,19,23,0,0,19,28,0,えーちょっとまあこういう感じいいね
0,19,28,0,0,19,33,0,本当にちゃんと喫茶店員というかファミレス店員みたいな感じでね
0,19,33,0,0,19,35,0,ねえ可愛いよね
0,19,35,0,0,19,41,0,まあどうせだったらなんか可愛い服のとこでバイトしたいよな
0,19,41,0,0,19,44,0,いや私もそう思ってる常々
0,19,44,0,0,19,46,0,ねえどうせなら
0,19,46,0,0,19,47,0,そう
0,19,47,0,0,19,51,0,私もほら喫茶店で働いてるんだけど今
0,19,51,0,0,19,53,0,二人は知ってるかどうか分かんないけど
0,19,53,0,0,19,58,0,大丈夫シャルも喫茶店で働いてるから
0,19,58,0,0,20,1,0,二人は知ってるかどうか分かんないんだけど
0,20,1,0,0,20,8,0,私も喫茶店で働いてて可愛い制服の店で働きたいなって結構入って一年半ぐらいずっと思ってるからさ
0,20,8,0,0,20,16,0,確かに私なんて入る前から思ってたような気がしないような
0,20,16,0,0,20,18,0,気がするような気がしないような
0,20,18,0,0,20,20,0,気がするような気がしないようなだよね
0,20,20,0,0,20,23,0,なんで水玉になっちゃったんだろうなって思って最近行きたいけど
0,20,23,0,0,20,24,0,わからない
0,20,24,0,0,20,26,0,えっシャルさんも喫茶店で働いてるんだっけ
0,20,26,0,0,20,28,0,そう夜の喫茶店シャル
0,20,28,0,0,20,31,0,制服どんな感じなの
0,20,31,0,0,20,33,0,結構露出高め
0,20,33,0,0,20,37,0,ちょっと親には見せれないなっていう
0,20,37,0,0,20,40,0,親に見せられない服支給されてんの
0,20,40,0,0,20,42,0,これ着てって言われた服
0,20,42,0,0,20,49,0,一度あまりにも露出がひどすぎて一回布足してもらったりはしたんだけど
0,20,49,0,0,20,53,0,でもちょっとまだ親には見せれないかなっていう
0,20,53,0,0,20,55,0,あったなそんなこと
0,20,55,0,0,21,0,0,youtubeから怖いお出しが来そうだったから
0,21,0,0,0,21,2,0,あったね
0,21,2,0,0,21,6,0,布足してもらってもまだエッチなのがすごいよねあれね
0,21,6,0,0,21,9,0,そうよね本当に
0,21,9,0,0,21,13,0,あとさ夜の喫茶店さん見て思うのは
0,21,13,0,0,21,16,0,日入り高すぎるよね
0,21,16,0,0,21,28,0,店飲食店って普通のカフェとかで許される日入りの高さじゃないよね正直
0,21,28,0,0,21,32,0,足めちゃめちゃ疲れるよ立ち仕事の時に
0,21,32,0,0,21,34,0,あれは結構疲れる
0,21,34,0,0,21,40,0,だからいつも大変そうだなと思って夜の喫茶店見てる
0,21,40,0,0,21,43,0,慣れたっしょもう日入りも
0,21,43,0,0,21,44,0,確かに
0,21,44,0,0,21,46,0,慣れないね
0,21,46,0,0,21,47,0,慣れない?
0,21,47,0,0,21,53,0,だってパフュームさんとかもめちゃめちゃヒールで踊るしね
0,21,53,0,0,21,55,0,踊ってんね
0,21,55,0,0,22,5,0,パフュームさんってパフュームさんが履いてるモデルのヒールの靴が売ってんだよな
0,22,5,0,0,22,8,0,パフュームモデルみたいな感じで
0,22,8,0,0,22,11,0,踊りやすいヒールみたいなのが
0,22,11,0,0,22,14,0,すごいないいなって思って
0,22,14,0,0,22,17,0,でもなんかめちゃくちゃいいなと思ったんだけど
0,22,17,0,0,22,21,0,ヒール履いて踊らねーな普段
0,22,21,0,0,22,24,0,あんまそういう機会ないよね
0,22,24,0,0,22,27,0,こういうライブとかあるよってなったらあるんだけど
0,22,27,0,0,22,30,0,普段生きててヒールで踊る機会ないからさ
0,22,30,0,0,22,31,0,ないね
0,22,31,0,0,22,35,0,てかそもそも外にも出ないからさあんま靴いらない
0,22,35,0,0,22,40,0,靴ヒールしか持ってないやん基本的に
0,22,40,0,0,22,42,0,あーいちかさんそうだね
0,22,42,0,0,22,44,0,うんだから
0,22,44,0,0,22,48,0,なれるって思ってシャルちゃんと共感しようって思ったら
0,22,48,0,0,22,50,0,シャルちゃんはなれないよって
0,22,50,0,0,22,53,0,まさか着られちゃったからもう
0,22,53,0,0,22,54,0,ごめんね
0,22,54,0,0,22,56,0,じゃあこの話やめるか
0,22,56,0,0,22,58,0,ちょっと話変えていいかな
0,22,58,0,0,22,59,0,いいよ
0,22,59,0,0,23,1,0,シャルあのー見つけた
0,23,1,0,0,23,2,0,着たいやつ
0,23,2,0,0,23,3,0,教えて
0,23,3,0,0,23,9,0,あのープロ野球球団のチアガールの制服がいい
0,23,9,0,0,23,12,0,チアガール
0,23,12,0,0,23,17,0,あのね今ね見てね保存したいなと思ったんだけどね
0,23,17,0,0,23,20,0,保存できるのかな
0,23,20,0,0,23,22,0,いや保存できないんだけどさ
0,23,22,0,0,23,24,0,どこの球団のやつ
0,23,24,0,0,23,26,0,えっとねいろいろあるんだけど
0,23,26,0,0,23,29,0,今見た感じは
0,23,29,0,0,23,33,0,あのー埼玉セーブライオンズさん
0,23,33,0,0,23,34,0,ライオンズ
0,23,34,0,0,23,35,0,うん
0,23,35,0,0,23,38,0,あー青くてかわいいね
0,23,38,0,0,23,39,0,そうかわいいでしょ
0,23,39,0,0,23,40,0,うん
0,23,42,0,0,23,43,0,ほんとだ
0,23,43,0,0,23,47,0,福岡ソフトバッグホークスさんとか
0,23,47,0,0,23,51,0,なんかね結構かわいいのもあっていっぱい
0,23,51,0,0,23,52,0,へーいいねシャル
0,23,52,0,0,23,56,0,やかるとスワローズさんもかわいいって
0,23,56,0,0,23,58,0,なんかめっちゃかわいいんだよね
0,23,58,0,0,24,2,0,だからなんか着てみたいなって思う
0,24,2,0,0,24,4,0,じゃあそれ着て子宮式やろう
0,24,4,0,0,24,5,0,俺たちで
0,24,5,0,0,24,8,0,どうやって投げるの機械に入れてもらって
0,24,8,0,0,24,12,0,子宮式僕たち投げますって
0,24,12,0,0,24,15,0,いいねむちゃくちゃ腹冷えるわ
0,24,15,0,0,24,16,0,着てみたい
0,24,16,0,0,24,18,0,お腹冷えそう
0,24,18,0,0,24,20,0,いいねお腹冷えそう
0,24,22,0,0,24,24,0,お腹冷えそういいね
0,24,24,0,0,24,29,0,大丈夫言ってることがおかしくなってきてるけど
0,24,29,0,0,24,30,0,いいのかな
0,24,30,0,0,24,32,0,いやなんか心配になっちゃうんだけど
0,24,32,0,0,24,34,0,いいなと思うんだけどお腹冷えそう
0,24,34,0,0,24,39,0,やっぱさ老婆死んだからさ
0,24,39,0,0,24,45,0,街中で夏にかけてお腹出してる子多かったじゃん
0,24,45,0,0,24,46,0,多かった
0,24,46,0,0,24,51,0,私もトップス短いやつとか持ってるんだけど
0,24,51,0,0,24,53,0,確かに見えるときもあるんだけど
0,24,53,0,0,24,55,0,がっつりへそまで出してる子とかって
0,24,55,0,0,24,57,0,あらお腹冷えそうって思っちゃうんだよね
0,24,57,0,0,24,58,0,これもうあれかな
0,24,58,0,0,25,2,0,おばあちゃんみたいな感想抱いてるわけ
0,25,2,0,0,25,5,0,いや私も同じだな
0,25,5,0,0,25,7,0,知らんぞって
0,25,7,0,0,25,14,0,本当に世の中のオスたちは君を狙っとるぞって思って
0,25,14,0,0,25,17,0,ええのかって
0,25,17,0,0,25,21,0,本当に心配になってしまうわ
0,25,21,0,0,25,23,0,お腹が冷えるっていうよりも
0,25,23,0,0,25,26,0,誰かの何かになっとるぞって思って
0,25,26,0,0,25,28,0,確かにな
0,25,28,0,0,25,32,0,本当に着たい服だったら生きていった方がいいから
0,25,32,0,0,25,34,0,先進衛生
0,25,34,0,0,25,38,0,お腹を出す洋服なんてさ
0,25,38,0,0,25,41,0,何歳まで着ていいの?
0,25,41,0,0,25,42,0,何歳でも着ていい?
0,25,42,0,0,25,44,0,何歳でも着ていいよ
0,25,44,0,0,25,45,0,本当に?
0,25,45,0,0,25,47,0,着てちゃうからいいんだよ
0,25,47,0,0,25,48,0,分かった
0,25,48,0,0,25,52,0,そやが68歳になった時着てるから見に来てね
0,25,52,0,0,25,54,0,分かった
0,25,54,0,0,25,55,0,考える
0,25,55,0,0,25,58,0,見に来いよ
0,25,58,0,0,25,59,0,悩むなよそこ
0,25,59,0,0,26,1,0,3人でお腹出そうよ
0,26,1,0,0,26,2,0,いや無理
0,26,2,0,0,26,3,0,やば
0,26,3,0,0,26,4,0,なんで?
0,26,4,0,0,26,6,0,なんかさこないださ
0,26,6,0,0,26,7,0,いちかさんがさ
0,26,7,0,0,26,8,0,あのこれ
0,26,8,0,0,26,13,0,あのポンプの回でみんなの制服ができたよって言ってさ
0,26,13,0,0,26,18,0,チキンライスの総柄のTシャツ送ってきてくれたの
0,26,18,0,0,26,19,0,送った
0,26,19,0,0,26,22,0,私やっぱ3人で着たいなと思って買うねってさ
0,26,22,0,0,26,24,0,速攻で返事したらさ
0,26,24,0,0,26,26,0,シャルさん何回返ってきたと思う?
0,26,26,0,0,26,28,0,ちょっと音読してもらっていい?
0,26,28,0,0,26,29,0,何回返したっけ?
0,26,29,0,0,26,31,0,ちょっと読んで
0,26,31,0,0,26,32,0,結構前だから
0,26,32,0,0,26,34,0,結構前だよね
0,26,34,0,0,26,35,0,まずね
0,26,35,0,0,26,39,0,いちかさんが僕らの制服が出ましたって送ってくれたの
0,26,39,0,0,26,41,0,めっちゃ可愛いんだけどさこれ
0,26,41,0,0,26,42,0,ちょっと言われるとは
0,26,42,0,0,26,43,0,そうそう
0,26,43,0,0,26,44,0,え?
0,26,44,0,0,26,45,0,そうそうそうそう
0,26,45,0,0,26,46,0,見てね
0,26,46,0,0,26,49,0,ちゃんとこれ見てねリスナーさんは
0,26,49,0,0,26,50,0,いやすごいよこれ
0,26,50,0,0,26,52,0,すごい可愛いじゃん
0,26,52,0,0,26,54,0,本当に
0,26,54,0,0,26,56,0,黄色のもっと着たらもう
0,26,56,0,0,26,58,0,まるでオムライス
0,26,58,0,0,27,0,0,3人でお揃いで着たいじゃんこれ
0,27,0,0,0,27,2,0,そうだよ
0,27,2,0,0,27,4,0,その後だってりょうかこは?
0,27,4,0,0,27,8,0,買っちゃうって書いてる
0,27,8,0,0,27,12,0,買っちゃう!ってエクスクラミエーションマーク15個くらい付けてる
0,27,13,0,0,27,18,0,その後じゃあシャルさんが何回返してるか発表して
0,27,18,0,0,27,22,0,買っても2人は着なさそうなのでやめておきましょうって
0,27,23,0,0,27,25,0,まったくさ
0,27,25,0,0,27,27,0,だって事実じゃん
0,27,27,0,0,27,31,0,えじゃあこれ買ったら本当に外出るのこれで?
0,27,31,0,0,27,34,0,いやもう黄色のニットも買って出るよ
0,27,34,0,0,27,35,0,言ったね
0,27,35,0,0,27,36,0,うん
0,27,36,0,0,27,39,0,いいよじゃあジャンプこれ当日ね
0,27,39,0,0,27,42,0,なんでジャンプの時にこれ着なきゃいけないんだよ
0,27,42,0,0,27,44,0,だっていつ着るの?
0,27,44,0,0,27,46,0,今でしょ
0,27,46,0,0,27,48,0,分かんないじゃん
0,27,48,0,0,27,50,0,出たのか
0,27,50,0,0,27,52,0,だってさシャルがさ
0,27,52,0,0,27,55,0,3人でいぜいった時もさ
0,27,55,0,0,27,58,0,シャルこれ欲しい3人でお揃いがいいって言ったらさ
0,27,58,0,0,28,0,0,嫌だって言ったんだよいちかちゃん
0,28,0,0,0,28,2,0,いらないって言ったの
0,28,2,0,0,28,3,0,言ってたね
0,28,3,0,0,28,4,0,全部言ってたね
0,28,4,0,0,28,7,0,でしょそれにこれ負けたの?
0,28,7,0,0,28,11,0,これが勝つの?このチキンナイスのTシャツが勝つのそれに
0,28,11,0,0,28,13,0,シャルは信じたくない
0,28,13,0,0,28,14,0,勝つ
0,28,14,0,0,28,16,0,勝たない
0,28,16,0,0,28,17,0,ちょっといらない
0,28,17,0,0,28,20,0,あの時さシャルちゃん何欲しいって言ったっけ
0,28,20,0,0,28,21,0,これお揃いでいいの?
0,28,21,0,0,28,22,0,ポーチみたいなの
0,28,22,0,0,28,24,0,あそうだポーチだポーチ
0,28,24,0,0,28,27,0,メイクポーチでいいなと思った
0,28,27,0,0,28,33,0,いやいやいやメイクポーチで使えるけどチキンナイスはどこで何に役立つのよ
0,28,33,0,0,28,34,0,いや服じゃん
0,28,34,0,0,28,37,0,段を取るために必要だよ
0,28,37,0,0,28,42,0,いやその分周りから痛い目で見られるんだよこれ着たことによって
0,28,42,0,0,28,44,0,いいよシャルちゃん分かった
0,28,44,0,0,28,48,0,シャルちゃんはグレーのコーディネートで着てスプーン担当ね
0,28,48,0,0,28,51,0,私とオーラルとオムライスやるから
0,28,51,0,0,28,53,0,いいよ
0,28,53,0,0,28,54,0,言ったからね
0,28,54,0,0,29,1,0,でもシャルさん金属のスプーンがいいから反射するタイプの服がいい
0,29,1,0,0,29,3,0,ギラギラのやつ
0,29,3,0,0,29,7,0,嫌だよ別に木のスプーンとかあるじゃん最近は色んな素材が
0,29,7,0,0,29,11,0,じゃあ全部木目の全身タイツ
0,29,11,0,0,29,13,0,裏木目表ギラギラ
0,29,13,0,0,29,15,0,リバーシブルってこと?
0,29,15,0,0,29,16,0,リバーシブル
0,29,16,0,0,29,19,0,いいじゃん
0,29,19,0,0,29,24,0,じゃあまず買ったら写真送ってそしたらシャル買うから
0,29,24,0,0,29,26,0,これ木目の全身タイツ
0,29,26,0,0,29,29,0,一応チキンナイス
0,29,29,0,0,29,32,0,私たちが買ったらってこと?
0,29,32,0,0,29,35,0,そんな信用ないんだ私たちって
0,29,35,0,0,29,37,0,すごい力強い
0,29,37,0,0,29,42,0,あいつが力強いんで次のお便り読みたいと思います
0,29,47,0,0,29,48,0,次ですね
0,29,48,0,0,29,54,0,エビせんべいさんからのお普通だったを読ませていただきたいと思います
0,29,56,0,0,29,57,0,エビ好き?
0,29,57,0,0,29,59,0,好き
0,29,59,0,0,30,1,0,エビとかにどっちが好き?
0,30,1,0,0,30,3,0,カニ
0,30,3,0,0,30,6,0,エビかな
0,30,6,0,0,30,7,0,カニ
0,30,7,0,0,30,9,0,曲げない女
0,30,12,0,0,30,15,0,じゃあルカコさんイチカさんシャルさんこんばんは
0,30,15,0,0,30,17,0,こんばんは
0,30,17,0,0,30,20,0,さて皆さんはポムの貝として活動される中で
0,30,20,0,0,30,24,0,ポムの木から案件をもらうことを目標にしていると思います
0,30,24,0,0,30,29,0,私たち普段コラボのタグがポムの貝っていうね
0,30,29,0,0,30,33,0,ポムの木から案件をもらうためだけに生きているんですけど
0,30,33,0,0,30,36,0,少し前ですがある記事を見つけました
0,30,36,0,0,30,42,0,それはふるさと納税でオリジナルの音頭を作ってもらったというものです
0,30,42,0,0,30,44,0,記事によると大阪府の平方市
0,30,44,0,0,30,46,0,これ平方パークがあるとこかな
0,30,46,0,0,30,51,0,には地元に伝わる片延しという名誉があるそうで
0,30,51,0,0,30,53,0,平方市のふるさと納税の返礼品として
0,30,53,0,0,30,58,0,納税者の要望に沿ったオリジナルの歌詞をつけてくれるものがあったそうです
0,30,58,0,0,31,0,0,記事を書いたライターの方はウェブラジオをやっていたそうで
0,31,0,0,0,31,3,0,そのウェブラジオを音頭にしてほしいと希望したところ
0,31,3,0,0,31,6,0,14分にも渡る大ボリュームで
0,31,6,0,0,31,10,0,かつラジオの小ネタがふんだんに詰まった民謡が完成したそうです
0,31,10,0,0,31,12,0,歌詞を作った方曰く
0,31,12,0,0,31,16,0,ラジオを全部聞いて曲を作りましたと語っており
0,31,16,0,0,31,20,0,相当な熱量を持って作られた民謡だったのは間違いありません
0,31,20,0,0,31,23,0,この記事を見て私は思いました
0,31,23,0,0,31,28,0,ポムの貝のこれまでの奇跡が民謡になったら絶対面白いだろうな
0,31,28,0,0,31,30,0,と面白いだけではありません
0,31,30,0,0,31,33,0,ポムの貝のオリジナルの音頭が広く世に知れ渡り
0,31,33,0,0,31,36,0,ポムの木の関係者の耳に入った暁には
0,31,36,0,0,31,39,0,この人たちはなんてポムの木が好きなんだろう
0,31,39,0,0,31,45,0,もう案件あげちゃうと一頃で落とせるに違いありません
0,31,45,0,0,31,47,0,そんなオリジナル音頭を作ってくれる
0,31,47,0,0,31,51,0,ふるさと納税の気になる寄付金額は10万円だそうです
0,31,51,0,0,31,55,0,検討のほどよろしくお願いします
0,31,55,0,0,31,59,0,そんなに納税しなくていいんだがシェル
0,31,59,0,0,32,4,0,10万円も出したら14分くるわ
0,32,4,0,0,32,6,0,そうだね
0,32,6,0,0,32,10,0,オリジナルの音頭作ってくれるのすごいしかも
0,32,10,0,0,32,13,0,結局全部配信見てくれるとかだよ
0,32,13,0,0,32,18,0,インストもあるってこと?
0,32,18,0,0,32,21,0,全部そうなんじゃない?
0,32,21,0,0,32,23,0,オリジナルの民謡が
0,32,23,0,0,32,26,0,歌詞だけオリジナルなのかと思ってた
0,32,26,0,0,32,29,0,オリジナルの歌詞を付けてくれるだから歌詞だけだわ
0,32,29,0,0,32,31,0,そうだよね
0,32,31,0,0,32,33,0,え?
0,32,33,0,0,32,35,0,ダメじゃん
0,32,35,0,0,32,37,0,使えないよねだってそれ
0,32,37,0,0,32,39,0,うん
0,32,39,0,0,32,43,0,民謡がいつ作られたかによって
0,32,43,0,0,32,48,0,もうフリーになってたりしないのかな
0,32,48,0,0,32,51,0,それか歌詞だけ作ってもらって
0,32,51,0,0,32,53,0,適当に歌詞分けして
0,32,53,0,0,32,56,0,好きなリズムで歌ってつなげるのどう?
0,32,56,0,0,33,0,0,それじゃあフルサウンドの音色いらないもんね
0,33,0,0,0,33,2,0,なんでなんで歌詞がくるでしょ
0,33,2,0,0,33,4,0,歌詞作ってくれるでしょ
0,33,4,0,0,33,6,0,うん
0,33,6,0,0,33,10,0,でもそうなったら歌詞自分たちで作ろうよ
0,33,10,0,0,33,11,0,そうだね
0,33,11,0,0,33,14,0,作ってもらおうよ
0,33,14,0,0,33,16,0,10万円出して?
0,33,16,0,0,33,17,0,うん
0,33,17,0,0,33,20,0,でも待ってナナシに頼もう
0,33,20,0,0,33,23,0,10万円出して歌詞作ってもらうんだったら
0,33,23,0,0,33,29,0,自分たちで歌詞考えて曲メロ作ってもらった方が良くない?
0,33,29,0,0,33,32,0,AIに作ってもらうよ
0,33,32,0,0,33,35,0,そんなことできる時代なの?
0,33,35,0,0,33,37,0,なんでもできるよ
0,33,37,0,0,33,41,0,なんだろう多分アートワークも作ってくれるよ
0,33,41,0,0,33,45,0,そうだよねそれニュースになってたね
0,33,45,0,0,33,47,0,じゃあそうしよう
0,33,47,0,0,33,49,0,歌詞もAIに作ってもらえる
0,33,49,0,0,33,51,0,歌詞は
0,33,51,0,0,33,56,0,歌詞は作ろう
0,33,56,0,0,34,0,0,でもキャラクター設定みたいなの入れられる
0,34,0,0,0,34,2,0,そうなんだ
0,34,2,0,0,34,8,0,例えばこの人はこういう人でこういうキーワードがあってみたいなのを入れとくと
0,34,8,0,0,34,13,0,その人物設定に順次て物語が展開していくみたいな
0,34,13,0,0,34,15,0,すごい
0,34,15,0,0,34,17,0,じゃあどういう設定にする?
0,34,17,0,0,34,19,0,オーラルカコは
0,34,19,0,0,34,23,0,人のチキンライスの鶏肉を狙うスパイ
0,34,23,0,0,34,25,0,いいよ
0,34,25,0,0,34,27,0,シャルさんは?
0,34,27,0,0,34,29,0,シャルちゃんは
0,34,29,0,0,34,31,0,シャルちゃんはどういうのがいい?
0,34,31,0,0,34,33,0,悪魔だよねシャルちゃん
0,34,33,0,0,34,35,0,悪魔だよ
0,34,35,0,0,34,38,0,オムライスの悪魔にしよう
0,34,38,0,0,34,41,0,オムライスの悪魔?
0,34,41,0,0,34,44,0,じゃあケチャップの悪魔にしよう
0,34,44,0,0,34,47,0,ケチャップの悪魔ね
0,34,47,0,0,34,52,0,クリームシチューみたいなクリームソース的なのをかけてる人がいたら
0,34,52,0,0,34,56,0,それをケチャップになんでも変えちゃうっていう悪魔
0,34,56,0,0,35,2,0,ケチャップとデミグラスソースだとどっちが好きシャルさん?
0,35,2,0,0,35,4,0,デミですよ
0,35,4,0,0,35,6,0,デミかな
0,35,6,0,0,35,8,0,言ってたよな前それ
0,35,8,0,0,35,10,0,言ったっけ?
0,35,10,0,0,35,12,0,中もチキンライスよりバターライスが好き
0,35,12,0,0,35,14,0,バターライス?
0,35,14,0,0,35,17,0,上はクリームソースが好きなんだよ
0,35,17,0,0,35,19,0,一番は
0,35,19,0,0,35,24,0,クリームソースに憧れるけど自分はケチャップの悪魔だから
0,35,24,0,0,35,27,0,愛憎入り乱れてて
0,35,27,0,0,35,33,0,味覚的にはクリームシチューのオムライスが好きなのに
0,35,33,0,0,35,37,0,自分はケチャップの悪魔として生まれついてしまったから
0,35,37,0,0,35,41,0,本当は好きだけどでも愛憎さえいられれば
0,35,41,0,0,35,43,0,そこ落としちゃった
0,35,43,0,0,35,45,0,長いよ
0,35,45,0,0,35,48,0,みたいな感じで
0,35,48,0,0,35,50,0,悪魔だな
0,35,50,0,0,35,52,0,じゃあクリームやる
0,35,52,0,0,35,54,0,待って憧れのマットするの?
0,35,54,0,0,35,56,0,やだよ
0,35,56,0,0,35,58,0,なんで憧れのマット取るんだよ
0,35,58,0,0,36,0,0,架空にしててよ
0,36,0,0,0,36,2,0,やだやだ
0,36,2,0,0,36,4,0,架空にしてください
0,36,4,0,0,36,7,0,架空で取らないでください
0,36,7,0,0,36,9,0,なんで?
0,36,9,0,0,36,11,0,私は卵
0,36,11,0,0,36,13,0,全てを包み込む卵の精霊
0,36,13,0,0,36,15,0,包み込まないだろ
0,36,15,0,0,36,17,0,分かった
0,36,17,0,0,36,19,0,包み込もうとした
0,36,19,0,0,36,26,0,一家ぽよは包み込むタイプと上に乗せてトロトロのやつがパカってなるタイプのどっちが好きなの?
0,36,26,0,0,36,28,0,包み込む方
0,36,28,0,0,36,43,0,一家ぽよはだいだいトロってなるタイプのオムレツ上に乗っけて包丁入れてパカってするっていうのをだいだい親から伝わってきた一家に育ってて
0,36,43,0,0,36,56,0,本当は包み込むタイプが好きなのに家業だからって言って人のオムレツを包丁で割らないといけないっていう業を背負ってるってことにしよう
0,36,56,0,0,36,58,0,分かった
0,36,58,0,0,37,6,0,設定さめっちゃ二人複雑なのに鶏肉を狙うスパイとしてるってどうなるの?
0,37,6,0,0,37,10,0,もうちょっとりょかっくんに設定作ろうよ
0,37,10,0,0,37,14,0,それで二人が鬱屈としてるわけじゃん
0,37,14,0,0,37,19,0,で一家ぽよは結局家を出ちゃうわけよ
0,37,19,0,0,37,21,0,出ます
0,37,21,0,0,37,28,0,物心ついた時に私を包み込むタイプが好きだって自覚するわけで
0,37,28,0,0,37,30,0,そう
0,37,30,0,0,37,32,0,そうってなんなんだよ
0,37,32,0,0,37,38,0,人の手によって自分の形を変えさせられるなんて無理
0,37,38,0,0,37,41,0,だから私はお父さんとは違うって
0,37,41,0,0,37,46,0,お父さんはこのまま一生ふわふわのオムレツトロトロにしとけば
0,37,46,0,0,37,48,0,逆に入ってるよ
0,37,48,0,0,37,52,0,その手勝手に愛想よくするパパなんて嫌い
0,37,52,0,0,37,55,0,リスナー道理が知らない
0,37,55,0,0,37,57,0,リスナー
0,37,57,0,0,38,0,0,家を出るわけ大豪邸だよ
0,38,0,0,0,38,3,0,オムレツ五点があるわけそういう一家の家
0,38,3,0,0,38,6,0,実家はねそこで家を出るんだけど
0,38,6,0,0,38,11,0,そこで一人で包み込むタイプの修行を始めるじゃん
0,38,11,0,0,38,13,0,そういう一家が
0,38,13,0,0,38,17,0,その時にやっぱシャルちゃんに会うわけじゃん
0,38,17,0,0,38,19,0,そこで?
0,38,19,0,0,38,23,0,俺の上にかかってこい
0,38,23,0,0,38,26,0,絶対嫌だ
0,38,26,0,0,38,28,0,ダメだよ
0,38,28,0,0,38,30,0,絶対嫌
0,38,30,0,0,38,32,0,俺の上に
0,38,32,0,0,38,35,0,願うなら素通りしたい
0,38,35,0,0,38,38,0,ケチャップ求めてんだよ
0,38,38,0,0,38,42,0,シャルさんはどうしてもクリームシチューになりたい
0,38,42,0,0,38,45,0,クリームソースになりたいけど自分はケチャップだから
0,38,45,0,0,38,48,0,クリームソースのこと消したいと思ってるけど
0,38,48,0,0,38,50,0,自由に生きる
0,38,50,0,0,38,53,0,自己肯定感が低いんだよ
0,38,53,0,0,38,55,0,クリームの憧れがすごいから
0,38,55,0,0,38,57,0,ケチャップシャルからは
0,38,57,0,0,38,59,0,ケチャップの悪魔だから
0,38,59,0,0,39,2,0,ケチャップが俺に一番似合うんや
0,39,2,0,0,39,4,0,っていう自己肯定感上げてくれる
0,39,4,0,0,39,7,0,そうや一家の登場
0,39,7,0,0,39,9,0,ちょっと待って
0,39,9,0,0,39,13,0,鶏肉を狙うスパイ出てくる必要なくなっちゃった
0,39,13,0,0,39,17,0,いつ出てくるんだよ
0,39,19,0,0,39,22,0,ドラマ終わりかけ
0,39,22,0,0,39,26,0,ほぼほぼ完結しかけてる
0,39,26,0,0,39,28,0,シャルさんは
0,39,28,0,0,39,31,0,そうなんだ私自由に生きていいんだ
0,39,31,0,0,39,34,0,って思って
0,39,34,0,0,39,37,0,クリームソースの天使になって終わる
0,39,37,0,0,39,39,0,終わったよ
0,39,39,0,0,39,41,0,出てこないじゃん
0,39,41,0,0,39,44,0,私はスピンオフで出てくる
0,39,44,0,0,39,48,0,AIそこまで取り入れてくるんだ
0,39,48,0,0,39,51,0,不可抗要素ほぼない
0,39,51,0,0,39,54,0,コーラスでいい
0,39,54,0,0,39,56,0,スパイ要素入れよう
0,39,56,0,0,39,59,0,隠れてるからね
0,39,59,0,0,40,2,0,そこで出すのね
0,40,2,0,0,40,6,0,私ケチャップの悪魔と契約しようかな
0,40,6,0,0,40,13,0,私がイチカさんが作ってたオムライスの鶏肉を盗んだところをイチカさんに捕まっちゃって
0,40,13,0,0,40,17,0,シャルさんとイチカさんが出会う
0,40,17,0,0,40,19,0,いいじゃん
0,40,19,0,0,40,22,0,何しようなるかここに
0,40,22,0,0,40,25,0,登場時間少なすぎる
0,40,27,0,0,40,30,0,物語サブだろうなサブキャラだろうな
0,40,30,0,0,40,33,0,でも私ほら脚本と撮影もしないといけないから忙しいから
0,40,33,0,0,40,36,0,AIは見てくれない
0,40,38,0,0,40,42,0,一回AIに頼んで作ってみたいね
0,40,42,0,0,40,45,0,気になるよねどんな歌詞になるのか
0,40,45,0,0,40,47,0,確かにいいね
0,40,47,0,0,40,50,0,POMの回のオリジナル
0,40,50,0,0,40,52,0,オフィアンオフシャル
0,40,52,0,0,40,55,0,POMの期CM
0,40,55,0,0,41,0,0,いいじゃんPOMの回のコラボのオープニングとエンディングそれにしよう
0,41,0,0,0,41,5,0,この間のコラボで勝手にPOMの期のCM作ろうって話してたじゃん
0,41,5,0,0,41,6,0,言ってたよね
0,41,6,0,0,41,8,0,それ作ろう
0,41,8,0,0,41,10,0,いいよ
0,41,10,0,0,41,18,0,勝手なこれは非公式ですって言ってPOMの期の勝手なCM作ってオープニングとエンディングで流そう
0,41,18,0,0,41,19,0,いいよ
0,41,19,0,0,41,21,0,OK15秒ね
0,41,21,0,0,41,23,0,15秒CM
0,41,23,0,0,41,26,0,意外と短いCMだね
0,41,26,0,0,41,28,0,30秒でもいいよ
0,41,28,0,0,41,30,0,30秒でもいいよ
0,41,30,0,0,41,32,0,1分45秒でもいいよ
0,41,32,0,0,41,33,0,長い
0,41,33,0,0,41,37,0,勝手にCM作るのって怒られるのかな
0,41,37,0,0,41,40,0,相談してみる?
0,41,40,0,0,41,43,0,弁護士って最初相談するの無料らしいよ
0,41,43,0,0,41,46,0,弁護士に相談するの?運営じゃなくて?
0,41,46,0,0,41,49,0,運営分かんないって言いそうだなと思って
0,41,49,0,0,41,53,0,弁護士だと100%大丈夫だし
0,41,53,0,0,41,55,0,最初だっけ無料だって
0,41,55,0,0,41,59,0,それからお金かかるらしいから
0,41,59,0,0,42,2,0,YESかNOかだけ聞けばいいんじゃない?
0,42,2,0,0,42,4,0,名前とかロゴとか出さないから
0,42,4,0,0,42,7,0,勝手にCMってダメなの?
0,42,7,0,0,42,11,0,POMの木だったの?POMの貝だったの?
0,42,11,0,0,42,15,0,POMの貝のCMだったらいいけどPOMの木のCM勝手に作ってるからな
0,42,15,0,0,42,21,0,ロゴとかさPOMの木をそのまま名前出すのまずいんだったら不政治にするとかで
0,42,21,0,0,42,24,0,社名もまずいかも
0,42,24,0,0,42,26,0,なるほどね
0,42,26,0,0,42,29,0,POMのツリーは?
0,42,29,0,0,42,32,0,じゃあそうしよう
0,42,32,0,0,42,35,0,そうだねクリスマス近いし
0,42,35,0,0,42,43,0,シャロさんPOMの木って全部英語にすると何になるの?
0,42,43,0,0,42,45,0,Poapoa Treeじゃない?
0,42,45,0,0,42,49,0,じゃあPoapoa TreeのCM作ろう
0,42,49,0,0,42,54,0,クリスマスが近いからクリスマスチックにしよう
0,42,54,0,0,42,57,0,どうすればいいのクリスマスチックにするには?
0,42,57,0,0,43,3,0,クリスマスのCMの代表作でケンタッキーだ
0,43,3,0,0,43,6,0,じゃあ私と仲良いやるわ
0,43,6,0,0,43,8,0,じゃあ全部ね
0,43,8,0,0,43,10,0,えーーー
0,43,10,0,0,43,14,0,普段でいかない?ちょっと一人だけ
0,43,14,0,0,43,19,0,シャンシャンシャン一番役に少ないよ
0,43,19,0,0,43,22,0,マジでしょうが
0,43,22,0,0,43,26,0,シャンシャン大事だよやっぱ冒頭でシャンシャンシャンシャン
0,43,26,0,0,43,30,0,冒頭のシャンシャンがクリスマス感を演出するからね
0,43,30,0,0,43,33,0,いやだけど
0,43,33,0,0,43,39,0,何すんの結構色々出てきそうで怖いんだけど後々
0,43,39,0,0,43,41,0,面白すぎるね
0,43,41,0,0,43,44,0,進んでないけどいいのこれ普通のお便り
0,43,44,0,0,43,46,0,愛される女さえ言ってないよまだ
0,43,46,0,0,43,48,0,大丈夫だいたいこれくらいだから
0,43,48,0,0,43,50,0,本当?よかった
0,43,50,0,0,43,54,0,じゃあ次愛される女に行きたいと思います
0,43,54,0,0,43,56,0,もう行くのね
0,43,56,0,0,43,58,0,本当に次だよね
0,43,58,0,0,44,1,0,そうだよ次行こう
0,44,1,0,0,44,6,0,桃井の他2通しか話さなかったけど次行こう
0,44,6,0,0,44,8,0,いいんだよ3通話しても
0,44,8,0,0,44,12,0,大丈夫愛される女たくさん紹介したいなと思ってたから
0,44,12,0,0,44,14,0,よかった
0,44,14,0,0,44,19,0,今日はね塩がわりのメルテマが愛される女ということで
0,44,19,0,0,44,23,0,そもそもなんでかって言うとやっぱそやいちかがあまりにも愛されてる
0,44,23,0,0,44,25,0,そうなんだよね
0,44,25,0,0,44,27,0,時間かかる
0,44,27,0,0,44,30,0,シャンシャンくらいだけどそれめっちゃ言ってんの
0,44,30,0,0,44,33,0,いや多分みんな言えないだけだと思うよ
0,44,33,0,0,44,35,0,なんで言えないんだよ
0,44,35,0,0,44,38,0,メルが下手なこと言ってしまったから
0,44,38,0,0,44,41,0,下手に物を言えなくなったんだと思う
0,44,41,0,0,44,45,0,私も言われたらあんなにずっと一緒に言われ続けるんだって
0,44,45,0,0,44,47,0,そうそうそう
0,44,47,0,0,44,50,0,みんなどう言えばいいか分かんないだけだと思う
0,44,50,0,0,44,55,0,いやあれちょっとやっぱね私気に入りすぎてちょっと言いすぎたかなっていう反省点があるんだよね
0,44,55,0,0,44,57,0,いいよ全然かまわん
0,44,57,0,0,44,59,0,いいよいいよ
0,44,59,0,0,45,6,0,そやいちかがいかに愛されたいすかっていうのを我々今までのコラボで散々話してきてはいるんですけど
0,45,6,0,0,45,15,0,やっぱり愛される女っていうのは具体的にメソッドとして確立するにはいってどうすればいいのかっていうのを今回ゲスナーさんに聞いているので
0,45,15,0,0,45,22,0,これをみるとみんなこれを見て要素を吸収すればきっと明日から愛される女になれるんじゃないかなって思います
0,45,22,0,0,45,24,0,頑張ります
0,45,24,0,0,45,25,0,頑張りましょう
0,45,25,0,0,45,29,0,そんなメソッドがあるんですか
0,45,29,0,0,45,31,0,先生早く行きましょう
0,45,31,0,0,45,40,0,分かりました特命の方からもたくさんお便りいただくんで
0,45,42,0,0,45,45,0,えなんで特命の方から来ないの
0,45,45,0,0,45,49,0,なんかゆうことかよかったなと思う
0,45,49,0,0,45,52,0,確かにゆうこさんフルネームだったからな
0,45,52,0,0,45,57,0,渡辺ゆうこ
0,45,57,0,0,46,1,0,ポムのかいじゃなくてキーって言ってたけどな
0,46,1,0,0,46,4,0,ポムのキーって言ってたけど
0,46,4,0,0,46,7,0,ちょっと好きすぎてね
0,46,7,0,0,46,9,0,ついね
0,46,9,0,0,46,11,0,じゃあ読ませていただきます
0,46,11,0,0,46,15,0,特命の方からいただいた愛される女についてのね
0,46,15,0,0,46,17,0,愛される女メソッド
0,46,17,0,0,46,22,0,ルカゴさんレスラーの皆さんそしてゲストのポムのかいメンバーいつかさんシャルさんこんばんは
0,46,22,0,0,46,24,0,こんばんは
0,46,24,0,0,46,28,0,自分はとにかくご飯を美味しく食べる人を愛してしまいます
0,46,28,0,0,46,34,0,たくさん食べる必要はないですが食べる時には美味しそうに幸せに食べる人にはグッときます
0,46,34,0,0,46,42,0,自分自身食べることが好きなのとかつて付き合っていた女性も同様だったため付き合っている間に自分はかなりボリュームアップしてしまいましたが
0,46,42,0,0,46,47,0,皆さんはこれを食べるのが好きという食べ物はありますか
0,46,47,0,0,46,49,0,ということでね
0,46,49,0,0,46,53,0,いっぱい食べる君が好き的な文脈ですかね
0,46,53,0,0,46,55,0,そうだね
0,46,55,0,0,46,58,0,これ多いんじゃない
0,46,58,0,0,47,9,0,食べ物を普通に食べるとかあんまり美味しくなさそうに食べられるよりは美味しそうにもぐもぐ食べてる人の方が魅力的に映るよね
0,47,9,0,0,47,11,0,確かにそうだね
0,47,11,0,0,47,19,0,私は仕事とかの会食みたいな時に
0,47,19,0,0,47,29,0,あんまり関係のない私がメインで関わってないプロジェクトの会食とかにたまに呼ばれるんだけど
0,47,29,0,0,47,31,0,なんでなんだろうなと思ってたんだけど
0,47,31,0,0,47,37,0,みんなあんまり食べないから飯食う要因で呼ばれることがあって
0,47,37,0,0,47,40,0,すごくない
0,47,40,0,0,47,42,0,いいね得じゃん
0,47,42,0,0,47,44,0,そうそうそう
0,47,44,0,0,47,47,0,ラッキーと思うんだけどさ
0,47,47,0,0,47,50,0,飯は美味いんだけどさ
0,47,50,0,0,47,58,0,良い場所で会社がある時あるんだけど
0,47,58,0,0,48,7,0,会社の関連の人と行く高い店よりも友達と行くサイズエリアの方が美味いの法則あるじゃん
0,48,7,0,0,48,10,0,あーまあわかるな
0,48,10,0,0,48,14,0,やっぱ若干気使ってるからかなわからんけどね
0,48,14,0,0,48,21,0,その方が楽しいしいい感じするよね
0,48,21,0,0,48,23,0,なんだろうねそれ
0,48,23,0,0,48,26,0,もちろん高級なお店だからさ
0,48,26,0,0,48,39,0,すげーな内容物がなんもわかんない組み合わせのぐちゃっとしたでっけい皿の真ん中にギュンってなってる飯とかが順番に出てくるタイプのお店とかも行くんだけど
0,48,39,0,0,48,42,0,少なってなっちゃう
0,48,42,0,0,48,57,0,ああいう系ってさ出てくるのもすごいゆっくりだから後半お腹いっぱいになってきちゃうんだよね
0,48,57,0,0,48,59,0,確かにね
0,48,59,0,0,49,3,0,ゆっくりでお腹がいっぱいになっちゃう
0,49,3,0,0,49,15,0,いやそうなんだよ最近フレンチでもそういうのはあんま見なくてなんか創作フレンチなんだかイタリアンなんだかよくわかんない店みたいな感じのときに
0,49,15,0,0,49,26,0,なんかメニューとかなくてなんか今日なんか朝シエレとなんかうんたらかんたらがホワイトアスパラガスでハラペーニョがどうしたこうしたみたいなやつ
0,49,26,0,0,49,30,0,みたいな時順番に出てくるよしかもすげー投げんだ
0,49,30,0,0,49,36,0,すげーなんとかを添えるみたいな
0,49,36,0,0,49,42,0,気まぐれに添えてくる感じのオーガニック食材が
0,49,42,0,0,49,49,0,最善期定と思ってからみチキン食べたいとか牛すき食べせんと思いながら食べてるよ
0,49,49,0,0,49,52,0,最善やってさなんであんな安いの
0,49,52,0,0,49,58,0,それはなんか全て自社で完結してるから
0,49,58,0,0,50,0,0,自社で完結してくるから安いですね
0,50,0,0,0,50,11,0,あとやっぱあの厨房に関しては基本的にもう温めるだけとかそこのなんか賃金削減することによって低価格化を実現しているらしいです
0,50,11,0,0,50,14,0,そうなんですよね
0,50,14,0,0,50,15,0,そういうことなんだ
0,50,15,0,0,50,19,0,だから異常に安くて異常にうまいんだな
0,50,19,0,0,50,25,0,いやもうなんか最新の技を使って似て非なるものなのかと思ってた
0,50,25,0,0,50,28,0,あーはいはいはいはい
0,50,28,0,0,50,36,0,いわゆるその安いチェーンのさ寿司屋で回ってるネギトロはマンボウみたいな話ね
0,50,36,0,0,50,39,0,そうそうそうそうそう
0,50,39,0,0,50,45,0,そういうことなのかと思って不思議だななんでこんなちゃんと美味しいんだろうと思いながら食べてた
0,50,45,0,0,50,48,0,ネギトロじゃなかったってこと?
0,50,48,0,0,50,51,0,なんかそういう話もあるね
0,50,51,0,0,50,54,0,マンボウって食べれるんだ
0,50,54,0,0,50,58,0,実際マンボウかどうかは知らないけどあれ都市伝説らしいから
0,50,58,0,0,51,1,0,パソコンが暴走しやすい
0,51,1,0,0,51,3,0,どうしてマイクラ起動した?
0,51,3,0,0,51,5,0,バレた?マイクラやろうかな
0,51,5,0,0,51,9,0,コラボ中にマイクラ始めたよ
0,51,9,0,0,51,10,0,いいよ
0,51,10,0,0,51,11,0,マジでなんだ今日
0,51,11,0,0,51,13,0,今日やばすぎだろ
0,51,13,0,0,51,15,0,いいよいいよ
0,51,15,0,0,51,18,0,せっかくポムネ集まってるからやろうかなって思ったんだけど
0,51,18,0,0,51,19,0,確かに
0,51,19,0,0,51,22,0,いや後でやろうよ
0,51,22,0,0,51,25,0,今違うだろ
0,51,25,0,0,51,29,0,サイゼそんな行ったことないんだけど
0,51,29,0,0,51,31,0,えなんで?
0,51,31,0,0,51,33,0,多分指で数えれるくらいしか
0,51,33,0,0,51,35,0,ハニストとしか行ったことない
0,51,35,0,0,51,37,0,え
0,51,37,0,0,51,39,0,なんでアンチなの?
0,51,39,0,0,51,41,0,めちゃめちゃ行ってたけどな
0,51,41,0,0,51,44,0,アンチじゃなくて別に行く気がなかった
0,51,44,0,0,51,46,0,ガストとかがあればいい
0,51,46,0,0,51,48,0,ガストもわかる
0,51,48,0,0,51,51,0,ガストサイゼマックめっちゃわかる
0,51,51,0,0,51,56,0,でも私絶対サイゼなんだよな
0,51,56,0,0,51,58,0,でもめっちゃ人気とは聞くね本当に
0,51,58,0,0,52,0,0,美味しいとも聞く
0,52,0,0,0,52,2,0,間違い探しもあるしさ
0,52,2,0,0,52,4,0,出た
0,52,4,0,0,52,5,0,出た間違い探し
0,52,5,0,0,52,7,0,間違い探しもあるしさ
0,52,7,0,0,52,8,0,むずいんだよね
0,52,8,0,0,52,11,0,めちゃくちゃむずいんだよそれが最高なんだよな
0,52,11,0,0,52,15,0,そうみなのユートピアだからさ
0,52,15,0,0,52,20,0,みなのユートピアみらのふうどりやだからさサイゼりやって
0,52,20,0,0,52,22,0,今度行こうよサイゼリア
0,52,22,0,0,52,24,0,え
0,52,24,0,0,52,27,0,ポムの木は行かないのか
0,52,27,0,0,52,30,0,うちらは
0,52,30,0,0,52,35,0,前回のコラボでポムの木こうって話にならなかったっけ最後
0,52,35,0,0,52,39,0,その前に優先すべきなのがサイゼリア
0,52,39,0,0,52,41,0,いやいやいやいや
0,52,41,0,0,52,44,0,うちらの名は何よ
0,52,44,0,0,52,45,0,うちら
0,52,45,0,0,52,47,0,君の名はなんだ
0,52,47,0,0,52,50,0,お金曜ロードショー
0,52,50,0,0,52,52,0,すごい
0,52,52,0,0,52,54,0,金曜ロードショー組んできた君の名は
0,52,54,0,0,52,56,0,組んでくんのか
0,52,56,0,0,52,58,0,君の名はなんだ
0,52,58,0,0,52,59,0,何が
0,52,59,0,0,53,1,0,何がさすがなんだよ
0,53,1,0,0,53,3,0,君の名はとかけてきたのさ
0,53,3,0,0,53,6,0,さまたまだよ
0,53,6,0,0,53,8,0,そんなにあんたは良くないから
0,53,8,0,0,53,10,0,やっと目を覚ました書いてある
0,53,10,0,0,53,13,0,やっと目を覚ましたかいかこれ歌詞か
0,53,13,0,0,53,17,0,全然覚まさないよこの二人は悪いけど多分
0,53,17,0,0,53,22,0,君の名は劇場で見た気がするんだけど全然覚えてないびっくりする
0,53,22,0,0,53,24,0,確かに中に
0,53,24,0,0,53,27,0,すごかったよね3回見る人もいるとか
0,53,27,0,0,53,30,0,全ての新解説の絵が一体化しちゃってる
0,53,30,0,0,53,33,0,好きでめっちゃ見たな
0,53,33,0,0,53,38,0,なんだったら作品集みたいなイラストの画集みたいなの買っちゃった
0,53,38,0,0,53,40,0,え
0,53,40,0,0,53,44,0,じゃあ思い出巡りする君の名は
0,53,44,0,0,53,46,0,あの聖地巡礼的な
0,53,46,0,0,53,49,0,なんかあるらしいねちゃんとあの階段とこの
0,53,49,0,0,53,52,0,みんなが好きなアニメでやろうや
0,53,52,0,0,53,55,0,私たちが三人ワンピースだ
0,53,55,0,0,53,57,0,ワンピースどこ行くの
0,53,57,0,0,53,58,0,海行こうじゃあ
0,53,58,0,0,53,59,0,海だ海だ海だ海だ海
0,53,59,0,0,54,1,0,海海賊船やコリア
0,54,1,0,0,54,6,0,海賊船探したらうちら戻ってこんで多分
0,54,6,0,0,54,9,0,多分骨になって帰ってくるよ多分
0,54,9,0,0,54,13,0,海だよ海しかない海行くしかねえ
0,54,13,0,0,54,15,0,私宝箱の中に挟まるからさ
0,54,15,0,0,54,17,0,わかったじゃあ私あの登るわ
0,54,17,0,0,54,21,0,登ってあのあれしたくないって言うわ
0,54,21,0,0,54,24,0,下ろしたくねえみたいな言いたくねえ
0,54,24,0,0,54,26,0,言いたくねえそう言って
0,54,26,0,0,54,27,0,わかった
0,54,27,0,0,54,31,0,まず作ろうよ宝箱と海賊船をまず
0,54,31,0,0,54,35,0,作ってからやろうって言おうよ
0,54,35,0,0,54,39,0,だからいちかさんはその後にないんだろう
0,54,39,0,0,54,41,0,中身がって
0,54,41,0,0,54,44,0,泣きながら言うから
0,54,44,0,0,54,47,0,ありがとうな
0,54,47,0,0,54,50,0,じゃあシャルさんナミね私ルフィやるわ
0,54,50,0,0,54,52,0,いや少ないな
0,54,52,0,0,54,55,0,大丈夫そこ登場人物三人だからちょうど確か
0,54,55,0,0,54,59,0,みんにーとナミとガイモンなんのおもろすぎる
0,54,59,0,0,55,4,0,反抗やばすぎる
0,55,4,0,0,55,7,0,ゾロいないんだそこシャル見てないんだよね
0,55,7,0,0,55,9,0,そこ三人しかいなかった
0,55,9,0,0,55,11,0,記憶がないんだよね
0,55,11,0,0,55,13,0,土書機だもんだってまだイーストブルーじゃない
0,55,13,0,0,55,17,0,あれ違う入ったばっかりかグランドライン入ったばっかりの時だっけ
0,55,17,0,0,55,20,0,ゾロが仲間になったシーンとかは全然わかるんだけど
0,55,20,0,0,55,23,0,そこだけ知らないなんか全然覚えてない
0,55,23,0,0,55,25,0,そうなんだ名シーン
0,55,25,0,0,55,29,0,なんか久々にガイモン見たらなんかイチャイチャしてたって記憶してる
0,55,29,0,0,55,32,0,フルムレッドだよね
0,55,32,0,0,55,34,0,フルムレッドでイチャイチャしてたねガイモンが
0,55,34,0,0,55,36,0,イチャイチャしてた
0,55,36,0,0,55,40,0,よかったなと思って
0,55,40,0,0,55,44,0,なんかさ私2022年にガイモンの話しすぎだろって言われてるんだけどさ
0,55,44,0,0,55,49,0,私のワンピース今年から始まってるからしょうがなくない
0,55,49,0,0,55,51,0,なんなん夏からしか始まってないんじゃないの
0,55,51,0,0,55,55,0,いやいやしょうがなくなくない本当に
0,55,55,0,0,55,59,0,いや私だって言うて今年の最初1話から見直したから
0,55,59,0,0,56,3,0,えみんなワンピース始まったの2022年だけど本当に
0,56,3,0,0,56,6,0,そうだよ2022年だからワンピースは
0,56,6,0,0,56,8,0,そうだよ今年からだから
0,56,8,0,0,56,11,0,もう一個さ見てジュースも見て
0,56,11,0,0,56,13,0,ジュース見たよ
0,56,13,0,0,56,15,0,漫画?
0,56,15,0,0,56,17,0,アニメ
0,56,17,0,0,56,21,0,それもアニメなんだけどさ漫画買おうかなって思ってるんだよね
0,56,21,0,0,56,23,0,へー
0,56,23,0,0,56,25,0,神本
0,56,25,0,0,56,30,0,知らないわあのー領域展開について教えてあげるしか知らないわ
0,56,30,0,0,56,34,0,領域展開について教えてあげようってやつしか
0,56,34,0,0,56,36,0,見たけど何にも覚えてないな
0,56,36,0,0,56,38,0,へー
0,56,38,0,0,56,41,0,えージェルツ面白いよ
0,56,41,0,0,56,46,0,あのうちの母がさお母さんがむちゃくちゃ五条悟る好きで
0,56,46,0,0,56,48,0,あのでももうさ
0,56,48,0,0,56,49,0,うん
0,56,49,0,0,56,51,0,ルックスも良くない
0,56,51,0,0,56,57,0,あのさ目隠ししてる五条悟るはシャル好きなんだけどさ
0,56,57,0,0,57,0,0,目見えてる五条悟るシャル苦手なんだよね
0,57,0,0,0,57,1,0,なんで?
0,57,1,0,0,57,2,0,なんで?
0,57,2,0,0,57,3,0,どっちも好き
0,57,3,0,0,57,6,0,キラキラしすぎてちょっとなんか苦手
0,57,6,0,0,57,7,0,え?
0,57,7,0,0,57,8,0,それがいいんじゃん
0,57,8,0,0,57,9,0,え?
0,57,9,0,0,57,13,0,もうザ女が好きそうな美系って感じ
0,57,13,0,0,57,15,0,そうそう女が好きそうな
0,57,15,0,0,57,17,0,それはわかる超王道って感じ
0,57,17,0,0,57,21,0,そうああいうキャラほんとにあれなんだよな
0,57,21,0,0,57,24,0,うちのお母さんマジで好きだよだいたい全部好きなんだよな
0,57,24,0,0,57,32,0,今だってスマホの壁紙をさ五条悟るにしたいって言われてこの間
0,57,33,0,0,57,35,0,可愛いねママ
0,57,35,0,0,57,41,0,そうだからあれした動く壁紙みたいなやつ設定してあげよう
0,57,41,0,0,57,42,0,えー
0,57,42,0,0,57,45,0,えでもシャルママも五条悟る好きなの
0,57,45,0,0,57,46,0,え?
0,57,46,0,0,57,49,0,ほんとユニバーでめっちゃ喜んでたよ五条悟る
0,57,49,0,0,57,50,0,すご
0,57,50,0,0,57,51,0,えー
0,57,51,0,0,57,53,0,え今五条悟るユニバーにいるの?
0,57,53,0,0,57,56,0,いるよ来年の7月までいるよ
0,57,56,0,0,57,58,0,じゃあお母さん連れてってあげよう
0,57,58,0,0,57,59,0,へー
0,57,59,0,0,58,0,0,うんよかったよ
0,58,0,0,0,58,5,0,えでもさシャルねユニバーのスタンプラリーしたいんだよね
0,58,5,0,0,58,7,0,行こうよユニバー
0,58,7,0,0,58,9,0,うん行きたい
0,58,9,0,0,58,12,0,えでも井上先輩もかっこよくない?
0,58,12,0,0,58,13,0,誰?
0,58,13,0,0,58,14,0,シャケシャケとか
0,58,14,0,0,58,18,0,あーあの人か私もあの人好き
0,58,18,0,0,58,23,0,ねえいいよね口隠してるでもねえいまの姿はさ好きじゃないの
0,58,23,0,0,58,24,0,分かる?
0,58,24,0,0,58,25,0,別人になっちゃったの?
0,58,25,0,0,58,29,0,えなんか髪の毛ねマッシュじゃなくてツンツンになっちゃって
0,58,29,0,0,58,30,0,へーそうなんだ
0,58,30,0,0,58,32,0,あと口も隠さなくなった
0,58,32,0,0,58,33,0,劇場だって
0,58,33,0,0,58,34,0,あらしいね
0,58,34,0,0,58,35,0,そう
0,58,35,0,0,58,39,0,あれ?あれのキャラあの失礼だな純愛だよのキャラ?
0,58,39,0,0,58,40,0,え?違う?
0,58,40,0,0,58,44,0,えなんか俺なんかこうさシンジ君のモノマネできそうだね
0,58,44,0,0,58,45,0,あははは
0,58,45,0,0,58,47,0,え今ちょっと似てたイカリシンジに
0,58,47,0,0,58,51,0,えいいじゃんマイメロの次はシンジ君だよ
0,58,51,0,0,58,54,0,えそれ違うキャラなの?そのなんか先輩じゃないの?
0,58,54,0,0,58,58,0,分かんないんだけどその人が分かんないんだけどそれ違うって言ってるよ
0,58,58,0,0,58,59,0,あそうなんだ
0,58,59,0,0,59,2,0,しかも私これさ劇場版見てないからさあの
0,59,2,0,0,59,3,0,おっこつ
0,59,3,0,0,59,4,0,あおっこつあそうなんだ
0,59,4,0,0,59,6,0,あ同じ声優さんなの?
0,59,6,0,0,59,7,0,えだから
0,59,7,0,0,59,8,0,え似てない
0,59,8,0,0,59,10,0,えすごいすごい
0,59,10,0,0,59,12,0,ルーちゃんすごいよ君は
0,59,12,0,0,59,14,0,マジで似てたよ今本当に
0,59,14,0,0,59,17,0,シンジ君分かんないけどすごいらしいよ
0,59,17,0,0,59,18,0,すごいって
0,59,18,0,0,59,19,0,えエヴァンゲリオン見てないの?
0,59,19,0,0,59,21,0,エヴァンゲリオンが何か分かんないけど
0,59,21,0,0,59,22,0,え
0,59,22,0,0,59,24,0,ロボット類はあんまり分かんない
0,59,24,0,0,59,25,0,ロボットじゃないし
0,59,25,0,0,59,27,0,いやエヴァンゲリオンはね
0,59,27,0,0,59,28,0,人造人間だし
0,59,28,0,0,59,32,0,人造人間だしってさみんな言ってたじゃん
0,59,32,0,0,59,33,0,分かんない
0,59,33,0,0,59,34,0,みんな言ってたのよ
0,59,34,0,0,59,35,0,だからあの
0,59,35,0,0,59,38,0,いやエヴァってロボットのやつでしょって言ったらみんなオタクがさ
0,59,38,0,0,59,42,0,エヴァロボットじゃなくて人造人間ですって今まで言ってきたんだけど
0,59,42,0,0,59,44,0,あのアンノ監督がさ
0,59,44,0,0,59,48,0,いやエヴァロボットみたいなもんすからみたいなこと言っちゃったらしい
0,59,51,0,0,59,55,0,おいおいおい私私が今厄介オタクみたいになったらやめろよ
0,59,55,0,0,59,57,0,私の話出すの
0,59,59,0,1,0,1,0,でもロボットじゃないし
1,0,1,0,1,0,4,0,でも人造人間よヴァンゲリオンだから
1,0,4,0,1,0,5,0,人造人間だから
1,0,5,0,1,0,6,0,そうなんだ
1,0,6,0,1,0,8,0,えじゃエヴァンゲリオン
1,0,8,0,1,0,11,0,あのロボットが主人公なの
1,0,11,0,1,0,13,0,主人公はイカリシンジ
1,0,13,0,1,0,16,0,でも名前取られたってこと
1,0,16,0,1,0,17,0,まあそうだね
1,0,17,0,1,0,18,0,名前取られた
1,0,18,0,1,0,20,0,名前取られたみたいな感じかな
1,0,23,0,1,0,26,0,シャルさんはさなんかエヴァパッと見ビジュアルでさ
1,0,26,0,1,0,28,0,なんかどんなアニメだと思う
1,0,29,0,1,0,31,0,えガンダムの親戚
1,0,31,0,1,0,34,0,やべえ逆にガンダムが分からないんだよなシャル
1,0,34,0,1,0,36,0,いやガンダムは分からないよシャル
1,0,36,0,1,0,39,0,じゃあ何ガンダムの親戚って
1,0,39,0,1,0,41,0,じゃあガンダムは何
1,0,41,0,1,0,45,0,ガンダムはロケットパンチですわ
1,0,46,0,1,0,49,0,ロケットパンチで戦うアニメってこと
1,0,50,0,1,0,52,0,ウイルスと戦うロボット
1,0,52,0,1,0,53,0,ウイルスと戦うんだ
1,0,53,0,1,0,56,0,そのウイルスはどんなウイルスなの
1,0,56,0,1,1,0,0,ええっと緑虫みたい
1,1,0,0,1,1,5,0,あーじゃあガンダムっていうのは緑虫みたいなウイルスと戦ってんだ
1,1,5,0,1,1,6,0,そうアメーバとか
1,1,6,0,1,1,10,0,えそれガンダムがさ戦わなかったらどうなるの
1,1,10,0,1,1,12,0,えみんな顔が緑になる
1,1,12,0,1,1,14,0,あやべえじゃん
1,1,14,0,1,1,16,0,そうなんだ
1,1,16,0,1,1,18,0,気持ち悪いなちょっと
1,1,18,0,1,1,22,0,あのさあのガンダムってさなんかその登場する
1,1,22,0,1,1,26,0,キャラクターがさガンダムに乗るわけじゃん
1,1,26,0,1,1,29,0,人間が人間が乗るよねガンダムって
1,1,29,0,1,1,33,0,え分かんないあれどこにいるのガンダムの頭?胸?
1,1,33,0,1,1,34,0,どっちだと思う
1,1,34,0,1,1,35,0,えシャルちゃんはどう思う
1,1,35,0,1,1,37,0,えシャル肩
1,1,37,0,1,1,39,0,肩に乗ってるってこと
1,1,39,0,1,1,40,0,相棒ってこと
1,1,40,0,1,1,41,0,いや肩の中
1,1,41,0,1,1,43,0,肩の中
1,1,43,0,1,1,45,0,ちょっとさ股間隔がつかむのとは言えそう
1,1,45,0,1,1,46,0,どっち右と左どっち
1,1,46,0,1,1,49,0,だから日によって違うからどっちにいるか分かんないの
1,1,49,0,1,1,52,0,だから右に切られても左にいる可能性もある
1,1,52,0,1,1,53,0,それめっちゃ頭良くない
1,1,53,0,1,1,55,0,すごいでしょ
1,1,55,0,1,1,56,0,めっちゃ頭いいじゃん
1,1,56,0,1,2,1,0,しかももし右肩に行って右の隣をビシュってやられても
1,2,1,0,1,2,3,0,弓で歩けるから
1,2,3,0,1,2,5,0,すげえいいじゃん頭良すぎない
1,2,5,0,1,2,7,0,そう死なない
1,2,7,0,1,2,9,0,えマジでかっこいい
1,2,9,0,1,2,11,0,そう誰も肩にいるとは予想しないから
1,2,11,0,1,2,13,0,そうだね確かに
1,2,13,0,1,2,15,0,みんな固定概念が好きだから
1,2,15,0,1,2,18,0,いやすごいわシャルさんそれガンダムだわ
1,2,18,0,1,2,21,0,ちなみにガンダムにさ
1,2,21,0,1,2,23,0,人間が乗るわけじゃん肩にさ
1,2,23,0,1,2,26,0,だから肩が肥大化してるのかガンダムは
1,2,26,0,1,2,30,0,その人たちはどんな存在なの
1,2,30,0,1,2,32,0,引きこもり
1,2,32,0,1,2,34,0,引きこもりが乗らされてるんだ
1,2,34,0,1,2,35,0,うん
1,2,35,0,1,2,36,0,そうなんだ
1,2,36,0,1,2,38,0,だけど憧れてるの
1,2,38,0,1,2,41,0,子供の頃の将来の夢はヒーローっていう引きこもり
1,2,41,0,1,2,43,0,あーなるほどね
1,2,43,0,1,2,48,0,ガンダムは確かに何の社会参画もできていないニートだけど
1,2,48,0,1,2,53,0,昔小さい頃胸に抱いてた夢はヒーローだった
1,2,53,0,1,2,57,0,いつか人の役に立つ誰かを守る男になりたい
1,2,57,0,1,2,59,0,男?女の子?
1,2,59,0,1,3,1,0,んー中間
1,3,1,0,1,3,3,0,中間の人々が
1,3,3,0,1,3,7,0,肩左が右どっちかに乗ってるわけね
1,3,7,0,1,3,9,0,何の話
1,3,9,0,1,3,11,0,ガンダムの話
1,3,11,0,1,3,13,0,途中で何も聞こえなかった
1,3,13,0,1,3,17,0,ラジオなんだっけルーちゃんの枠なんだけどさ
1,3,17,0,1,3,19,0,2人に質問あるんだけどさ
1,3,19,0,1,3,22,0,アライグマラスカルって物語知ってる?
1,3,22,0,1,3,25,0,アライグマラスカルキャラクター知ってるよ
1,3,25,0,1,3,27,0,いや違う物語知ってる?
1,3,27,0,1,3,28,0,知らない
1,3,28,0,1,3,29,0,知らないよね
1,3,29,0,1,3,33,0,えざっくり3行で説明すると
1,3,33,0,1,3,38,0,多分だけど私も本編見たことないんだけど予想なんだけど
1,3,38,0,1,3,41,0,少年が
1,3,41,0,1,3,43,0,人間出てくんだあれ
1,3,43,0,1,3,49,0,少年が怪我をしたアライグマを見つけて
1,3,49,0,1,3,52,0,解放して
1,3,52,0,1,3,57,0,大きくなるまで一緒に暮らすんだけど
1,3,57,0,1,4,1,0,ラスカルもアライグマで
1,4,1,0,1,4,4,0,彼は彼の群れがあるわけじゃん
1,4,4,0,1,4,5,0,仲間たちが
1,4,5,0,1,4,9,0,少年とラスカルの中に芽生えていた友情も確かに
1,4,9,0,1,4,11,0,強固なものだったんだけど
1,4,11,0,1,4,15,0,少年は泣く泣くラスカルを森に返すんだよね
1,4,15,0,1,4,18,0,めっちゃいい話じゃん
1,4,18,0,1,4,24,0,誰アライグマが洗い物するから逃げたって言ったの
1,4,24,0,1,4,26,0,ねえ
1,4,26,0,1,4,27,0,誰よ
1,4,27,0,1,4,31,0,共謀になったからなんだ
1,4,31,0,1,4,33,0,確かにね
1,4,33,0,1,4,39,0,アライグマって確かラスカルの流行りがあって
1,4,39,0,1,4,44,0,ペット需要みたいなのがあったって聞いたことあるんだよな
1,4,44,0,1,4,48,0,でも成虫になった時に死ぬほど暴れるらしいんだよな
1,4,48,0,1,4,49,0,ラスカル
1,4,49,0,1,4,51,0,そうなんだ
1,4,51,0,1,4,53,0,だから
1,4,53,0,1,4,57,0,本当に湿気とかもみじんもできないし
1,4,57,0,1,5,1,0,人に慣れないから放り出す人が多くなって
1,5,1,0,1,5,4,0,外獣扱いにされちゃったりする
1,5,4,0,1,5,6,0,非常に理不尽なことなんだけど
1,5,6,0,1,5,8,0,かわいそう
1,5,8,0,1,5,11,0,シャルさんはなんて説明されたの
1,5,11,0,1,5,15,0,シャルは何って聞かれたから知らないって言ったの
1,5,15,0,1,5,19,0,シャルちゃんはどういう物語だと思うって言うから
1,5,19,0,1,5,23,0,シャルは川でアライグマが洗濯してたの
1,5,23,0,1,5,25,0,うんかわいい
1,5,25,0,1,5,30,0,そこに人間が現れてその姿を見られてしまったの
1,5,30,0,1,5,31,0,はいはいはいはい
1,5,31,0,1,5,35,0,それで引っ越ししていくっていうアライグマラスカル
1,5,35,0,1,5,36,0,かわいそう
1,5,36,0,1,5,38,0,アライグマかわいそう
1,5,38,0,1,5,41,0,そうなんだよだから見つかったら危ないじゃん
1,5,41,0,1,5,42,0,そうだね
1,5,42,0,1,5,43,0,なんで?
1,5,43,0,1,5,46,0,だって便利だから買いたくなるし
1,5,46,0,1,5,48,0,研究されるから血抜かれるじゃん
1,5,48,0,1,5,52,0,なんで研究されるの?洗い物してるだけなのに
1,5,52,0,1,5,56,0,アライグマが洗い物するってそうそう見たことある?
1,5,56,0,1,5,57,0,ある
1,5,57,0,1,5,58,0,え?
1,5,58,0,1,6,0,0,え?あるの?
1,6,0,0,1,6,2,0,アライグマが
1,6,2,0,1,6,3,0,うん
1,6,3,0,1,6,7,0,えじゃあ何人間も川で洗い物してたら研究対象になる?
1,6,7,0,1,6,12,0,いや人間は誰もが洗い物してるから不思議に思われないけど
1,6,12,0,1,6,14,0,洗いぐまが
1,6,14,0,1,6,18,0,いやシャルちゃんそれは人間視点の話ではないのから
1,6,18,0,1,6,19,0,メガネ食い
1,6,20,0,1,6,22,0,メガネないけどね
1,6,24,0,1,6,25,0,え?
1,6,25,0,1,6,26,0,じゃあ見たことあるの?
1,6,26,0,1,6,27,0,うん
1,6,27,0,1,6,28,0,あるよ
1,6,28,0,1,6,30,0,アライグマ洗うところ
1,6,30,0,1,6,33,0,アライグマが洗濯物してるところ?
1,6,33,0,1,6,34,0,うん
1,6,34,0,1,6,35,0,あるよ
1,6,35,0,1,6,36,0,あるよ
1,6,36,0,1,6,38,0,あるの?え嘘?
1,6,38,0,1,6,39,0,うん
1,6,39,0,1,6,42,0,シャル全然見たことなかったからさ
1,6,43,0,1,6,45,0,なんかもうアライグマは洗えないと思ってた
1,6,45,0,1,6,49,0,アライグマが何か洗ってる動画とビーバーがなんか運んでる動画と
1,6,49,0,1,6,53,0,なんかラッコが腹の上で貝叩いてる動画しかほぼ見てない
1,6,53,0,1,6,55,0,えーーー
1,6,55,0,1,6,56,0,うん
1,6,56,0,1,6,59,0,あとで見るわアライグマが洗い物してるシーン
1,6,59,0,1,7,0,0,一緒に見よ
1,7,0,0,1,7,1,0,見て
1,7,2,0,1,7,3,0,可愛いよね
1,7,3,0,1,7,5,0,変じゃ逃げる必要ないね
1,7,5,0,1,7,8,0,母を訪ねて三千里ってことわざがあるんだ
1,7,9,0,1,7,10,0,それこそ
1,7,10,0,1,7,11,0,それこそ
1,7,11,0,1,7,14,0,それさことわざだよね
1,7,14,0,1,7,15,0,うん
1,7,15,0,1,7,17,0,それことわざにもなってんの?
1,7,17,0,1,7,19,0,すごいよねやっぱ面作って
1,7,19,0,1,7,20,0,ことわざが基地だよ
1,7,20,0,1,7,22,0,そこから取られたんだタイトルが
1,7,22,0,1,7,26,0,アニメになってることをシャル知らなくてこの間まで
1,7,26,0,1,7,27,0,そうなんだ
1,7,28,0,1,7,31,0,ちなみにさどういう意味なのそのことわざは
1,7,31,0,1,7,35,0,だから今生んでくれたお母さんいるでしょ
1,7,35,0,1,7,36,0,いる
1,7,36,0,1,7,40,0,そのお母さんに次巡り会うためには
1,7,40,0,1,7,44,0,自分で三千里ぐらい歩かないと見つけられないぐらい
1,7,44,0,1,7,47,0,運命的な出会いってこと
1,7,47,0,1,7,48,0,めっちゃいい意味じゃん
1,7,48,0,1,7,49,0,そう
1,7,50,0,1,7,51,0,いいね
1,7,51,0,1,7,56,0,だからそれをすごいなみたいな思ってたのことわざを
1,7,56,0,1,7,57,0,アニメ?ドラマ?
1,7,57,0,1,7,58,0,アニメ化してね
1,7,58,0,1,7,59,0,アニメしてるの
1,7,59,0,1,8,3,0,だから犬も歩けば棒に当たるものアニメにできるんだよ
1,8,3,0,1,8,5,0,どんなアニメになるんだろうね
1,8,5,0,1,8,7,0,当たんねえかな
1,8,7,0,1,8,10,0,当たんない犬が当たる時が来るんだよ
1,8,10,0,1,8,12,0,あー
1,8,12,0,1,8,13,0,なるほど
1,8,13,0,1,8,16,0,そもそも犬も歩けば棒に当たるだからさ
1,8,16,0,1,8,19,0,まず歩き出さないと始まらない物語がね
1,8,19,0,1,8,20,0,確かに
1,8,20,0,1,8,21,0,うん
1,8,22,0,1,8,24,0,歩き出す準備からな
1,8,24,0,1,8,25,0,そうだね
1,8,26,0,1,8,29,0,ていうとさっきのケチャップの悪魔のシャルちゃんがさ
1,8,29,0,1,8,33,0,新しく自由への一歩を踏み出すのってほぼ
1,8,33,0,1,8,34,0,そうかもしんない
1,8,34,0,1,8,36,0,タイトル決まったかもね
1,8,36,0,1,8,38,0,決まったなこれ
1,8,38,0,1,8,39,0,何?
1,8,39,0,1,8,43,0,犬も歩けば棒に当たるをちょっとオマージュして
1,8,43,0,1,8,45,0,悪魔も歩けば
1,8,45,0,1,8,46,0,うん
1,8,47,0,1,8,49,0,ソヤさんに当たる
1,8,49,0,1,8,51,0,ソヤさんに当たる
1,8,51,0,1,8,54,0,スパイが出てこないよタイトルに
1,8,55,0,1,8,57,0,棒は出てこないしな
1,8,57,0,1,8,59,0,そうだよ棒
1,8,59,0,1,9,1,0,スパイが棒に負けとんやん
1,9,1,0,1,9,4,0,いつかさ一応犬だったりする時もあるから
1,9,4,0,1,9,6,0,主にキャットフィッシュだけど
1,9,6,0,1,9,7,0,まあそうだね
1,9,7,0,1,9,10,0,え魚と猫役もできるってこと?
1,9,10,0,1,9,11,0,うんそうだよ
1,9,11,0,1,9,12,0,え?
1,9,12,0,1,9,16,0,まあ猫6割
1,9,16,0,1,9,19,0,魚3割犬2割かな
1,9,19,0,1,9,20,0,ちょっと待って
1,9,20,0,1,9,21,0,魚の部分ここ?
1,9,21,0,1,9,22,0,あーなるほどね
1,9,22,0,1,9,23,0,あ水色?
1,9,23,0,1,9,25,0,まあまあまあそう
1,9,25,0,1,9,28,0,あと水に浸かると私人魚になっちゃう
1,9,28,0,1,9,30,0,えーーー
1,9,30,0,1,9,32,0,え?
1,9,32,0,1,9,34,0,確かにまだ水使ってないもんね
1,9,34,0,1,9,36,0,でしょ?
1,9,36,0,1,9,37,0,うん
1,9,37,0,1,9,38,0,そうなのよ
1,9,38,0,1,9,40,0,え?すご
1,9,40,0,1,9,41,0,ないよ
1,9,41,0,1,9,42,0,え?待って
1,9,42,0,1,9,43,0,待って待って待って
1,9,43,0,1,9,46,0,ちょうどさ見たよ最近
1,9,46,0,1,9,49,0,Twitterでいちかちゃんがマーメイドになってるパート
1,9,49,0,1,9,51,0,え?え?
1,9,51,0,1,9,52,0,ばれてるじゃんじゃあ
1,9,52,0,1,9,53,0,やば
1,9,53,0,1,9,54,0,なんで?
1,9,54,0,1,9,55,0,あれじゃん
1,9,55,0,1,9,57,0,ココロさんと一緒じゃん
1,9,57,0,1,9,59,0,誰ココロさんって
1,10,1,0,1,10,3,0,ココロさんと一緒じゃん
1,10,3,0,1,10,5,0,今一回ここでもう一回歌う?
1,10,5,0,1,10,8,0,私も切り抜かれてたけどさ
1,10,8,0,1,10,10,0,よく見てって歌う?
1,10,10,0,1,10,11,0,歌う
1,10,11,0,1,10,13,0,え?ココロさんと
1,10,13,0,1,10,15,0,リトルマーメイドの本名はココロさんなの?
1,10,15,0,1,10,17,0,そうだよ
1,10,17,0,1,10,19,0,めっちゃ違うじゃん
1,10,19,0,1,10,21,0,日本人じゃない?
1,10,21,0,1,10,22,0,実はね
1,10,22,0,1,10,23,0,うん
1,10,23,0,1,10,24,0,かわいい
1,10,24,0,1,10,25,0,かわいいよね
1,10,25,0,1,10,26,0,いい名前だなと思って
1,10,26,0,1,10,27,0,でも確かにぽいね
1,10,27,0,1,10,29,0,言われてみればココロっぽい
1,10,29,0,1,10,32,0,まあディズニーがつけそうだよねなんか
1,10,32,0,1,10,33,0,んー?
1,10,33,0,1,10,35,0,まあディズニーって言ってたらね
1,10,35,0,1,10,38,0,アメリカの名前つけなきゃいけなくはないわな
1,10,38,0,1,10,39,0,そういえばね
1,10,39,0,1,10,40,0,次のお便りいきますか
1,10,40,0,1,10,41,0,あれなんですよ
1,10,41,0,1,10,42,0,あのー
1,10,42,0,1,10,43,0,次のお便りっていうか
1,10,43,0,1,10,44,0,もう一回この話は終わりなんだけど
1,10,44,0,1,10,45,0,別のねお便り
1,10,45,0,1,10,46,0,ふつおたの方でね
1,10,46,0,1,10,47,0,あのー
1,10,47,0,1,10,49,0,パートオブエワールドこの間歌ってたんですけど
1,10,49,0,1,10,52,0,歌ってたねみたいなお便りいただいてて
1,10,52,0,1,10,53,0,でなんかね
1,10,53,0,1,10,54,0,あのー
1,10,54,0,1,10,55,0,え?
1,10,55,0,1,10,56,0,私たちが歌ってたのって
1,10,56,0,1,10,58,0,その新訳版なんだって
1,10,58,0,1,10,59,0,え?
1,10,59,0,1,11,1,0,そう前その
1,11,1,0,1,11,3,0,一番最初に翻訳された時は
1,11,3,0,1,11,5,0,なんか別の歌詞だったらしくて
1,11,5,0,1,11,8,0,なんかそれもすごいいい歌詞だからぜひ見てくださいって
1,11,8,0,1,11,9,0,へー
1,11,9,0,1,11,10,0,そう
1,11,10,0,1,11,11,0,歌があるんだ
1,11,11,0,1,11,12,0,そうフレーズ
1,11,12,0,1,11,13,0,一押しフレーズは
1,11,13,0,1,11,14,0,えー
1,11,14,0,1,11,15,0,どこを歩くんだっけ
1,11,15,0,1,11,16,0,道
1,11,16,0,1,11,18,0,お日様キラキラ花はいい香りがする世界
1,11,18,0,1,11,19,0,とか
1,11,19,0,1,11,20,0,え?
1,11,20,0,1,11,21,0,可愛い
1,11,21,0,1,11,23,0,私の宝を全部開けてもいいわ
1,11,23,0,1,11,24,0,とか
1,11,24,0,1,11,25,0,えー
1,11,25,0,1,11,26,0,火が燃えるって何のこと
1,11,26,0,1,11,28,0,誰かを好きだと思えるって
1,11,28,0,1,11,30,0,みたいなところが好きでしたってね
1,11,30,0,1,11,31,0,ぜひとも旧約版を
1,11,31,0,1,11,32,0,えー
1,11,32,0,1,11,34,0,聞いてみてくださいってお便り来てた
1,11,34,0,1,11,35,0,そっか
1,11,35,0,1,11,36,0,火見たことないもんね
1,11,36,0,1,11,37,0,そうだよね水の中だとね
1,11,37,0,1,11,39,0,うん
1,11,39,0,1,11,41,0,でも時々顔出してるよね
1,11,41,0,1,11,42,0,出してる
1,11,42,0,1,11,43,0,顔はね
1,11,43,0,1,11,44,0,うん
1,11,44,0,1,11,46,0,あでも今度あれだね
1,11,46,0,1,11,47,0,あのー
1,11,47,0,1,11,49,0,リトルマーメイド実写化するよね
1,11,49,0,1,11,51,0,はーらしい
1,11,51,0,1,11,53,0,もう見に行きたいの
1,11,53,0,1,11,54,0,そうなんだ
1,11,54,0,1,11,55,0,見に行きたいね
1,11,55,0,1,11,56,0,えー
1,11,56,0,1,11,57,0,そう
1,11,57,0,1,11,58,0,いやー
1,11,58,0,1,12,0,0,でもなんか私あれすごいよかったな実写化だと
1,12,0,0,1,12,1,0,あのー
1,12,1,0,1,12,2,0,美女と野獣
1,12,2,0,1,12,3,0,あ
1,12,3,0,1,12,4,0,よかったー
1,12,4,0,1,12,5,0,あー
1,12,5,0,1,12,7,0,本当によかったこれ
1,12,7,0,1,12,8,0,美女と野獣いいよね
1,12,8,0,1,12,9,0,いいよかった
1,12,9,0,1,12,10,0,エマワトゥスンがさ
1,12,10,0,1,12,14,0,エマワトゥスンがめっちゃめっちゃ綺麗だったから
1,12,14,0,1,12,15,0,わかる
1,12,15,0,1,12,16,0,歌もよかった
1,12,16,0,1,12,17,0,歌よかったね
1,12,17,0,1,12,18,0,でも私
1,12,18,0,1,12,19,0,ずーっと顔変わんないよね
1,12,19,0,1,12,20,0,エマワトゥスンマジで
1,12,20,0,1,12,21,0,いやほんと
1,12,21,0,1,12,22,0,ハーモニーグレンジャーの時から
1,12,22,0,1,12,23,0,全く同じ顔してる
1,12,23,0,1,12,24,0,そう
1,12,24,0,1,12,25,0,ずーっと同じ
1,12,25,0,1,12,26,0,マジで綺麗
1,12,26,0,1,12,28,0,でもさ私美女と野獣の最後でさ
1,12,28,0,1,12,29,0,野獣が人間に戻るの
1,12,29,0,1,12,30,0,本当にやなんだよね
1,12,30,0,1,12,31,0,え
1,12,31,0,1,12,32,0,え
1,12,32,0,1,12,33,0,え
1,12,33,0,1,12,35,0,それ言う人いるよな
1,12,35,0,1,12,36,0,うん
1,12,36,0,1,12,38,0,ずっとそのままでいてってこと
1,12,38,0,1,12,40,0,野獣の姿を愛したのにさ
1,12,40,0,1,12,43,0,なんか人間のイケメンに戻ってなんか
1,12,43,0,1,12,45,0,なんかすごいハッピーエンドみたいにされるの
1,12,45,0,1,12,47,0,すごいやなんだよな
1,12,47,0,1,12,50,0,やっぱり世の中顔ってことですか?
1,12,50,0,1,12,51,0,いやもう誰
1,12,51,0,1,12,52,0,誰じゃん
1,12,52,0,1,12,53,0,もう私たちさ
1,12,53,0,1,12,55,0,野獣を好きになったのに
1,12,55,0,1,12,58,0,ここまでその野獣を好きになるシーンの連続だったのに
1,12,58,0,1,12,59,0,最後なんか誰?
1,12,59,0,1,13,0,0,みたいなのが出てきちゃった
1,13,0,0,1,13,3,0,わかる
1,13,3,0,1,13,5,0,でも確かにさその野獣的にはさ
1,13,5,0,1,13,7,0,元に戻りたいっていう気持ちはもちろんあったから
1,13,7,0,1,13,9,0,それはそれでいいと思うんだよ
1,13,9,0,1,13,11,0,良かったねと思うんだけど
1,13,11,0,1,13,13,0,本当に誰なんだよね
1,13,13,0,1,13,16,0,そんなあなたにシュレックって言われてるわ
1,13,16,0,1,13,17,0,シュレック見るか
1,13,17,0,1,13,19,0,シュレック
1,13,19,0,1,13,21,0,シュレック忘れちゃったな話の内容
1,13,21,0,1,13,23,0,私も完全にハルクとコンビストリーム
1,13,23,0,1,13,24,0,そんなあるの?
1,13,24,0,1,13,25,0,え
1,13,25,0,1,13,27,0,ストリームまであるんじゃないっけ
1,13,27,0,1,13,30,0,はぁー
1,13,30,0,1,13,31,0,2は絶対あるけど
1,13,31,0,1,13,33,0,3が出たはず
1,13,33,0,1,13,35,0,結構前に
1,13,35,0,1,13,37,0,え、外見で好きになったわけじゃ
1,13,37,0,1,13,39,0,ベルは外見で好きになったわけじゃないけど
1,13,39,0,1,13,41,0,私は外見で好きになってるからさ
1,13,41,0,1,13,43,0,あはははは
1,13,43,0,1,13,45,0,ベルとルグ子は違うからみんな
1,13,45,0,1,13,48,0,ごめん私ベルみたいに心が美しくないんだ
1,13,48,0,1,13,51,0,野獣の姿で好きになってるから最後まで野獣でいてほしいんだよ
1,13,51,0,1,13,52,0,ごめんなみんな
1,13,52,0,1,13,54,0,好きなタイプ野獣だもんね
1,13,54,0,1,13,55,0,あれさなんでさ
1,13,55,0,1,13,58,0,最後さ野獣の体に人に戻っちゃったんだっけ
1,13,58,0,1,14,0,0,魔法使われたから?
1,14,0,0,1,14,4,0,あれはなんかその呪いを解除する
1,14,4,0,1,14,5,0,きっかけみたいなやつが
1,14,5,0,1,14,7,0,真実の愛を見つけて
1,14,7,0,1,14,9,0,その愛する人に口づけしてもらうと
1,14,9,0,1,14,12,0,戻れますよみたいな呪いだったんだよね
1,14,12,0,1,14,13,0,で真実の愛を見つけて
1,14,13,0,1,14,16,0,ベルが口づけしたから戻る
1,14,16,0,1,14,19,0,まあまあまあじゃあしょうがないね
1,14,19,0,1,14,21,0,しょうがないよね
1,14,21,0,1,14,23,0,あはははは
1,14,23,0,1,14,25,0,しょうがないよ
1,14,25,0,1,14,27,0,口づけちゃったから
1,14,27,0,1,14,29,0,あきらめよ
1,14,29,0,1,14,32,0,しょうがないね確かに
1,14,32,0,1,14,34,0,あはははは
1,14,34,0,1,14,37,0,じゃあ次ね
1,14,37,0,1,14,40,0,次のお便りをお待ちしていただきたいと思います
1,14,40,0,1,14,42,0,どうしたの
1,14,42,0,1,14,44,0,なんかよく笑うなと思って
1,14,44,0,1,14,46,0,じわじわ来てる
1,14,46,0,1,14,49,0,しょうがないあんなに熱弁してた方が
1,14,49,0,1,14,51,0,ルカ子にしょうがないねって言って
1,14,51,0,1,14,53,0,ルカ子がすんってなったのが
1,14,53,0,1,14,55,0,じわじわ来てる
1,14,55,0,1,14,57,0,いやなんか熱弁しといてあれだけど
1,14,57,0,1,15,0,0,そんなになんか執着する話題でもなかったかな
1,15,0,0,1,15,2,0,あはははは
1,15,2,0,1,15,3,0,じゃあ次こっち
1,15,3,0,1,15,6,0,今ね野獣の鉄拳置きとか売ってるよディズニー
1,15,6,0,1,15,9,0,買うか美女と野獣エリアで
1,15,9,0,1,15,12,0,美女と野獣一回しかあれしてないんだ
1,15,12,0,1,15,14,0,乗ってないんだよねまだ
1,15,14,0,1,15,16,0,えシロ乗ったことない
1,15,16,0,1,15,17,0,私も乗ってない
1,15,17,0,1,15,18,0,え
1,15,18,0,1,15,20,0,じゃあランド行かなきゃ
1,15,20,0,1,15,23,0,あれこの間言ってたのは
1,15,23,0,1,15,25,0,この間言ってたの
1,15,25,0,1,15,27,0,なんだろうCだよ
1,15,27,0,1,15,31,0,あそっかじゃあ両方行かなきゃ
1,15,31,0,1,15,33,0,両方行こう
1,15,33,0,1,15,35,0,あはははは
1,15,35,0,1,15,38,0,なんで両方行かなきゃなったのか全然わからないけど両方行こう
1,15,38,0,1,15,40,0,両方行こう
1,15,40,0,1,15,42,0,どうしたの
1,15,42,0,1,15,44,0,なんでもない
1,15,44,0,1,15,53,0,じゃあのじくらげさんからの愛される女ミソッド 旅行さん ゲストの伊藤彩希さん 下村シャロットさん そしてリスナーの皆さんこんばんぽむぽむ
1,15,53,0,1,15,55,0,こんばんぽむぽむ
1,15,55,0,1,15,56,0,かわいい
1,15,56,0,1,15,58,0,かわいいねこれから使おう
1,15,58,0,1,16,0,0,絶対次には忘れてると思うけどね
1,16,0,0,1,16,2,0,こんにちぽむぽむ
1,16,2,0,1,16,4,0,こんばんぽむぽむ
1,16,4,0,1,16,7,0,あそっか魔女だったねごめんねオーラルカッコ
1,16,7,0,1,16,10,0,別にぽむぽむはいけるけどね
1,16,10,0,1,16,11,0,あはははは
1,16,11,0,1,16,12,0,そっか
1,16,12,0,1,16,15,0,あれバブバブが言えないんだっけ
1,16,15,0,1,16,17,0,もちもちです
1,16,17,0,1,16,18,0,あもちもちか
1,16,18,0,1,16,22,0,もちもちがなんかもーちもーちみたいになるから
1,16,22,0,1,16,24,0,いや誇張表現はなはだしいわ
1,16,24,0,1,16,26,0,一復的に確認していこう
1,16,26,0,1,16,30,0,ちょっと今日もちもちちょっとお願いします
1,16,30,0,1,16,32,0,いややんねーよ
1,16,32,0,1,16,35,0,はははははは
1,16,35,0,1,16,36,0,え?
1,16,36,0,1,16,37,0,やんねーよ
1,16,37,0,1,16,42,0,最近やっぱそのさ私もねあのーまあデビューして1年半になりますから
1,16,42,0,1,16,46,0,そこそこねやっぱ滑舌もそろそろ良くなってるんじゃないかなと思いまして
1,16,46,0,1,16,49,0,皆さんが期待していただくようなねそんな
1,16,49,0,1,16,51,0,期待してないよ
1,16,51,0,1,16,53,0,え?期待してないの?じゃあやんない
1,16,53,0,1,16,55,0,確認だからえなんで?
1,16,55,0,1,16,57,0,いや期待しかしてない期待しかしてないし
1,16,57,0,1,16,59,0,なんならほんまにやったんでしょ
1,16,59,0,1,17,0,0,ちょっと怪しかったよね
1,17,0,0,1,17,1,0,怪しくないよ
1,17,1,0,1,17,3,0,もうよく聞いてみんな
1,17,3,0,1,17,6,0,はいリスナーの皆さんこんばんぽむぽむ
1,17,6,0,1,17,9,0,あかわいいかもねちょっと
1,17,9,0,1,17,12,0,ちょっと緊張しちゃうね緊張しちゃうわ
1,17,12,0,1,17,15,0,もういいよいいよ次読む次読むわ
1,17,15,0,1,17,18,0,さてそうやいちかさんが愛されることの天才なの
1,17,18,0,1,17,26,0,わかるいやむしろこのわかるという感情を抱かせてくることそのものが愛される秘訣なのではないかと思うのです
1,17,26,0,1,17,31,0,いい女はいい女だと直感的に分からせてくるとも言えます
1,17,31,0,1,17,35,0,そうやいちかさんは無機動でやることがむちゃくちゃな人間ではなく
1,17,35,0,1,17,41,0,真に自由な人間であるのですが無機動と自由の差が何かの説明は難しいけれどわかる
1,17,41,0,1,17,46,0,明星がたさを超えて私たちに入ってくる魅力がそこにはある気がします
1,17,46,0,1,17,50,0,個人的な話として私は結婚13年目になりましたが
1,17,50,0,1,17,56,0,嫁を愛していることはわかるけれど好きな理由はあげられない
1,17,56,0,1,18,1,0,というより関係性も愛している理由もこの年月で変化し続けている気がします
1,18,1,0,1,18,9,0,深い でもその変化していくことも含めて相手が嫁であるべきことだけはわかるんです
1,18,9,0,1,18,17,0,振り返れば私たちが愛する人とはあるいは私たちの周りの愛される人とはそういうわかるがあるのではないでしょうか
1,18,17,0,1,18,21,0,それは見た目かもしれないし仕草かもしれないし優しい言葉かもしれないけれど
1,18,21,0,1,18,29,0,とにかく何かがわかった気になった瞬間があるその理由なきわかったという気持ちよさが脳に来る
1,18,29,0,1,18,34,0,ゆえなき刺激が愛と呼ばれる幻想を生んでいるのかもしれません
1,18,34,0,1,18,39,0,この人すごいなんかすごい語彙力高そう
1,18,39,0,1,18,41,0,文才ありすぎじゃない
1,18,41,0,1,18,48,0,語彙力高いし13年
1,18,48,0,1,18,55,0,素敵だよねそれで関係性と愛している理由が変化し続けているっていうのがすごいいいですよね
1,18,55,0,1,19,0,0,ずっとねやっぱり可愛い続けていることはわかるけれど
1,19,0,0,1,19,5,0,お前いい男だなだから長く結婚してるんだよ
1,19,5,0,1,19,8,0,そういうことそうだよそうかもね
1,19,8,0,1,19,11,0,いやまじで素敵な人ですね
1,19,11,0,1,19,17,0,こういう人はなんかおじいちゃんおばあちゃんになってもデートするタイプのいい男だね
1,19,17,0,1,19,20,0,したい
1,19,20,0,1,19,25,0,おじいちゃんおばあちゃんになんでもデートしたい
1,19,25,0,1,19,29,0,いいね3人でお腹出してデートしようよ68歳になっても
1,19,29,0,1,19,31,0,やだ
1,19,31,0,1,19,33,0,ディズニー行こうよみんなでお腹出してさ
1,19,33,0,1,19,35,0,いいねいいねやだやだ
1,19,35,0,1,19,37,0,なんでやなの
1,19,37,0,1,19,38,0,なんでやなの
1,19,38,0,1,19,40,0,いや周りの目気にしちゃう
1,19,40,0,1,19,45,0,ねえその周りの人ってシャルちゃんになんかしてくれたの
1,19,45,0,1,19,50,0,してくれたわけじゃないけどその目線によってシャルが傷つく
1,19,50,0,1,19,52,0,あいいいいい気にしないで
1,19,52,0,1,19,54,0,俺たちだけ見とけよ
1,19,54,0,1,19,57,0,なんで他おいシャルロット
1,19,57,0,1,19,59,0,なんだよ
1,19,59,0,1,20,1,0,なんだよ
1,20,1,0,1,20,5,0,思い出作ろ面白い思い出を
1,20,5,0,1,20,9,0,それまでに作ってるってその80何歳までに多分
1,20,9,0,1,20,11,0,いやいやいや無限に
1,20,11,0,1,20,13,0,大丈夫だから死ぬぎりまで作ろうよ
1,20,13,0,1,20,19,0,死ぬぎりって言うけど断トツでシャルの方が寿命が長いの悪魔だから
1,20,19,0,1,20,24,0,わかる?ついにもう80何歳シャル過ぎてんだけどいい?
1,20,24,0,1,20,26,0,全然いいよ
1,20,26,0,1,20,28,0,なんかさぁ
1,20,28,0,1,20,30,0,ホムの回切な
1,20,30,0,1,20,33,0,じゃあシャルちゃん私たちを見とってね
1,20,33,0,1,20,37,0,でもそしたら私たちまた3000リアルでシャルさんに会いに行くからさ
1,20,37,0,1,20,39,0,えエモ
1,20,39,0,1,20,43,0,これを曲にしてもらえば
1,20,43,0,1,20,45,0,おぉ
1,20,45,0,1,20,47,0,おぉ
1,20,47,0,1,20,49,0,えぇ
1,20,49,0,1,20,55,0,だから仲良しの幼馴染の袋と犬と悪魔
1,20,55,0,1,20,58,0,けど悪魔だけが寿命が違う
1,20,58,0,1,21,1,0,どっちの方が寿命が長いの?
1,21,1,0,1,21,3,0,袋と犬って
1,21,3,0,1,21,7,0,私は猫と魚の寿命も足すから
1,21,7,0,1,21,9,0,じゃあ私が一番早く死ぬわ
1,21,9,0,1,21,11,0,じゃあ
1,21,13,0,1,21,16,0,まず袋がバタンキューになる
1,21,16,0,1,21,18,0,悲しむ二人
1,21,18,0,1,21,20,0,そして次に犬がバタンキューとなる
1,21,20,0,1,21,22,0,でシャル悪魔が一人ぼっち
1,21,22,0,1,21,26,0,そんな中1000年の時を得て
1,21,26,0,1,21,29,0,二人が会いにやってくる
1,21,29,0,1,21,31,0,シャルちゃん主人公にしようぜ
1,21,31,0,1,21,32,0,そうだね
1,21,32,0,1,21,34,0,シャルちゃんは他の人には見えてないの
1,21,34,0,1,21,36,0,え悲しい
1,21,36,0,1,21,38,0,悲しい悪魔だからしょうがないか
1,21,38,0,1,21,40,0,一人ぼっちやないか
1,21,40,0,1,21,42,0,悪魔は悪魔には見えるんだよ
1,21,42,0,1,21,45,0,悪魔友達はいるけど
1,21,45,0,1,21,48,0,初めて他の生命体に認知されたの
1,21,48,0,1,21,51,0,袋と犬
1,21,51,0,1,21,52,0,エモ
1,21,52,0,1,21,54,0,エモ
1,21,54,0,1,21,56,0,エモ
1,21,56,0,1,21,58,0,やばくない
1,21,58,0,1,22,3,0,私たちの楽しい日々が続くと思ってたの
1,22,3,0,1,22,5,0,だけど
1,22,5,0,1,22,8,0,そんなに長くは続きませんでした
1,22,8,0,1,22,10,0,マジ袋が
1,22,10,0,1,22,12,0,袋がやられて
1,22,12,0,1,22,15,0,でもさーいちかさんって人魚じゃん
1,22,15,0,1,22,16,0,人魚じゃん
1,22,16,0,1,22,18,0,いちかさんなんか人魚って
1,22,18,0,1,22,21,0,確かなんか人魚の肉を食べると
1,22,21,0,1,22,22,0,えたまご?
1,22,22,0,1,22,23,0,やめろ
1,22,23,0,1,22,25,0,不死身になる
1,22,25,0,1,22,27,0,不老になるんだよ
1,22,27,0,1,22,29,0,うちらが食べるの?
1,22,29,0,1,22,30,0,おいおいおいおい
1,22,30,0,1,22,33,0,人魚の肉食べると不老不死になるよ確か
1,22,33,0,1,22,35,0,ちょうどいいじゃん
1,22,35,0,1,22,37,0,るーちゃんも大丈夫じゃん
1,22,37,0,1,22,39,0,おい!死ぬの私だけ
1,22,39,0,1,22,41,0,私だけ3000にかけて毎回毎回
1,22,41,0,1,22,42,0,待って待って待って
1,22,42,0,1,22,44,0,部位だけ変えればいいんじゃない?
1,22,44,0,1,22,46,0,別に心臓を食べるとは言ってないじゃん
1,22,46,0,1,22,47,0,ちょっとちょうだいってこと?
1,22,47,0,1,22,51,0,だからちょっと太らせて余分な脂肪を食べた上で
1,22,51,0,1,22,52,0,脂肪吸引してってことか
1,22,52,0,1,22,53,0,そうそうそうそう
1,22,53,0,1,22,55,0,とりあえず食べれば
1,22,55,0,1,22,58,0,いちかちゃんはスマートになるし
1,22,58,0,1,22,59,0,太るてはおすすめだよ
1,22,59,0,1,23,1,0,不死老化身なるし
1,23,1,0,1,23,5,0,ちゃるはみんなと同じ具合にいけるからいいじゃん
1,23,5,0,1,23,6,0,分かる
1,23,6,0,1,23,7,0,じゃあしょうがない
1,23,7,0,1,23,10,0,みんなの不老のためにブクブク太るか
1,23,11,0,1,23,13,0,いやちょっとエモみがなくなっちゃった
1,23,13,0,1,23,16,0,やっぱりベイちゃんの方がエモい方がいいわ
1,23,16,0,1,23,20,0,で、あくまにあいに私たちが3000里歩いていくっていうことにしよう
1,23,20,0,1,23,21,0,やっぱり
1,23,21,0,1,23,22,0,また同じ姿で食うの?
1,23,22,0,1,23,23,0,そしたらガッって食うの?
1,23,23,0,1,23,24,0,でででで
1,23,24,0,1,23,25,0,違う姿なんだけど
1,23,25,0,1,23,29,0,階段の上と下で通りすがるときに
1,23,29,0,1,23,31,0,え?君の名は?
1,23,31,0,1,23,32,0,って
1,23,32,0,1,23,33,0,あーーーーー
1,23,33,0,1,23,34,0,おーい!
1,23,34,0,1,23,36,0,拾ったの今日!
1,23,36,0,1,23,37,0,待って待って
1,23,37,0,1,23,39,0,階段登れる体で来るってこと?
1,23,39,0,1,23,40,0,めっちゃ上る
1,23,40,0,1,23,41,0,上る上る上る
1,23,41,0,1,23,42,0,上る上る
1,23,42,0,1,23,43,0,しらくのイメージ
1,23,43,0,1,23,47,0,不苦労が階段から上ったら見えてないんだけど
1,23,48,0,1,23,51,0,不苦労下にいるんだけど
1,23,51,0,1,23,54,0,君の前前前世から僕は
1,23,54,0,1,23,55,0,流れるよこれ音楽に
1,23,55,0,1,24,1,0,エイジが裏でルーカ子をスパイとして裏のハーモニーしてもらって
1,24,1,0,1,24,4,0,背景から聞こえてくる曲みたい
1,24,4,0,1,24,5,0,いいね
1,24,5,0,1,24,8,0,全然前世から僕は探してたんだよ
1,24,8,0,1,24,10,0,えちょっと小説家
1,24,10,0,1,24,12,0,え?絶対ルーちゃん
1,24,12,0,1,24,16,0,この中だとルーちゃんが一番近いでしょ?小説家になる
1,24,16,0,1,24,18,0,そうだね
1,24,18,0,1,24,19,0,この中なら
1,24,19,0,1,24,20,0,ルーちゃんにかこう
1,24,20,0,1,24,22,0,俺ルーカ子が一番近い小説家に
1,24,22,0,1,24,27,0,シャルさんさすべての人間がまず小説家になるっていう前提で話してるの?
1,24,27,0,1,24,34,0,違う可能性を考えた時にパーセント的にルーちゃんが多分今語彙力が一番高いから
1,24,34,0,1,24,41,0,ルーちゃんが書くならルーちゃんが書いた方が多分人間たちにもスッと入るんだろうなって
1,24,41,0,1,24,42,0,あーなるほどね
1,24,42,0,1,24,43,0,分かった
1,24,43,0,1,24,44,0,じゃあ書くか
1,24,44,0,1,24,48,0,私とシャルちゃんが書いたら小学生の作文みたいになるもんね
1,24,48,0,1,24,49,0,そうそうそうそう
1,24,49,0,1,24,53,0,主語ないから何が合ってたのかも多分
1,24,53,0,1,24,58,0,猫と犬と悪魔がいましたみたいな
1,24,58,0,1,24,59,0,そうそうそうそう
1,24,59,0,1,25,3,0,インチキちゃんに絵書いてもらってシャルがんばって動画編集するよそれを物語風に
1,25,3,0,1,25,8,0,BGMとどっかからフリー素材取ってきて繋げて
1,25,8,0,1,25,9,0,いいね
1,25,9,0,1,25,11,0,上映会しよ
1,25,11,0,1,25,12,0,マジで?
1,25,12,0,1,25,13,0,うんいいね
1,25,13,0,1,25,14,0,何分何分何分
1,25,14,0,1,25,16,0,1時間半の超大作
1,25,16,0,1,25,18,0,超大作
1,25,18,0,1,25,20,0,頑張るよ動画編集
1,25,20,0,1,25,23,0,あなた絵あるんだからねその1時間半とか言ってるけど
1,25,23,0,1,25,25,0,サブも含めてあるからね
1,25,28,0,1,25,30,0,死ぬ時の絵とかいるからねちゃんと
1,25,30,0,1,25,31,0,そうだね
1,25,31,0,1,25,33,0,死ぬ時の絵
1,25,33,0,1,25,36,0,私ウォーレルカッコが死ぬ瞬間の絵描かなきゃいけないの
1,25,36,0,1,25,37,0,そうだよ
1,25,37,0,1,25,39,0,言い方もちょっと会議だねこれ
1,25,39,0,1,25,40,0,会議だ
1,25,40,0,1,25,41,0,そうだね
1,25,41,0,1,25,44,0,手紙にしようかなじゃあ
1,25,44,0,1,25,50,0,私がさ死んだ後から始まって物語が
1,25,53,0,1,25,57,0,毎年シャルさんにお手紙が届くわけ
1,26,0,0,1,26,1,0,死んだ後の
1,26,1,0,1,26,2,0,なんて?
1,26,2,0,1,26,10,0,私が死んだけどシャルさんは私が転生して三千里歩いてくるまで待っててねっていうのを
1,26,10,0,1,26,14,0,私が三千通用意しておくから
1,26,14,0,1,26,16,0,今一里ってこと?
1,26,16,0,1,26,19,0,毎年と年賀状じゃん
1,26,19,0,1,26,21,0,そうそう年賀状用意しておくから
1,26,21,0,1,26,24,0,一年に一里しか進まないの?
1,26,24,0,1,26,26,0,え、じゃあもうちょっと頑張るわ
1,26,26,0,1,26,28,0,うん頑張ってほしいな
1,26,28,0,1,26,31,0,三千年待たないっていうのが
1,26,31,0,1,26,34,0,一億千歳とかになってるから
1,26,34,0,1,26,37,0,悪魔の寿命ってどれくらいなの?
1,26,37,0,1,26,40,0,悪魔それぞれかな
1,26,42,0,1,26,43,0,なるほどね
1,26,43,0,1,26,45,0,そうだよね
1,26,45,0,1,26,49,0,まあでもよかった無事にプロットができたんでね今
1,26,49,0,1,26,51,0,うん楽しみ
1,26,51,0,1,26,53,0,完成が楽しみ
1,26,54,0,1,26,56,0,ほんまの会ってさ
1,26,56,0,1,27,2,0,あれやろこれやろあれやろこれやろっていう話いっぱいであるけど何にもしないよね
1,27,2,0,1,27,4,0,そうなんだよね
1,27,4,0,1,27,7,0,それがいいところだよね
1,27,8,0,1,27,12,0,シャルがほったんならねやれるんだけどさ
1,27,13,0,1,27,18,0,今の話でいうとルーちゃんからスタートだからさシャル何も追い込めないんだよね
1,27,18,0,1,27,20,0,え、小説さっきでしょ?
1,27,20,0,1,27,22,0,そうだっけ?
1,27,22,0,1,27,26,0,物語ができて絵描かれて動画が完成するんじゃないの?
1,27,26,0,1,27,28,0,まあそうか確かにね
1,27,28,0,1,27,30,0,そうそうそうそう
1,27,30,0,1,27,34,0,でも私たちさだって色々やりたいねって言ってることあるんだけど
1,27,34,0,1,27,38,0,やっぱシャルさんがオムライスの服買ってくれないからさやっぱ
1,27,38,0,1,27,40,0,いやそれはなくてもことは進むよ
1,27,40,0,1,27,41,0,いや
1,27,41,0,1,27,43,0,あれ着ないとな
1,27,43,0,1,27,44,0,ポムモード何年だ
1,27,44,0,1,27,47,0,何年だなあやっぱ本気出せねえあれ着ないと
1,27,47,0,1,27,48,0,いいよ買って
1,27,48,0,1,27,50,0,ポムTシャツ作んない?
1,27,50,0,1,27,56,0,あ、分かった2人が進行してる間シャルポムTシャツ作るよ
1,27,56,0,1,27,58,0,ポムTシャツ着ないと
1,27,58,0,1,28,0,0,着る着る着る
1,28,3,0,1,28,7,0,絵描いてって言ったじゃん
1,28,7,0,1,28,9,0,だからなんかモード
1,28,9,0,1,28,13,0,ポムモードにならないといけないからポムTシャツフルグラフィックで作ろうよ
1,28,13,0,1,28,14,0,何の柄がいい?
1,28,14,0,1,28,16,0,そうやいちかがデザインしてくれるよ
1,28,16,0,1,28,21,0,そうやいちかこの間までグッズのデザインしぬほど頑張ってたからちょっともう
1,28,21,0,1,28,25,0,そうだよ今はもう絵描きたくない量にかかってるよ
1,28,25,0,1,28,29,0,何も始まんないのよだったらもう
1,28,29,0,1,28,30,0,何も始まんない
1,28,30,0,1,28,33,0,ポムのような始まるものって何?
1,28,33,0,1,28,36,0,いや無理だよシャルデザインセンスないもん
1,28,36,0,1,28,38,0,オーラの過去があるよ
1,28,38,0,1,28,40,0,ああ
1,28,40,0,1,28,42,0,ああじゃないんすよ
1,28,43,0,1,28,47,0,ルーちゃんはどっちかって言ったら文字だと思うイメージが欲しい
1,28,47,0,1,28,48,0,はい分かりました
1,28,48,0,1,28,49,0,はいいちかちゃん
1,28,49,0,1,28,53,0,ポムの制服グランプリやろうじゃん
1,28,53,0,1,28,55,0,リスナーさんに募集しよう
1,28,55,0,1,28,57,0,それ着るわ
1,28,57,0,1,28,59,0,それ新衣装にはならないんだよでも
1,28,59,0,1,29,2,0,新衣装じゃないよ私がそれを
1,29,2,0,1,29,3,0,ああ
1,29,3,0,1,29,6,0,全身で描き直してアクスタにしよう
1,29,6,0,1,29,9,0,えじゃあシャルズもアクスタ用意ちゃんとする
1,29,9,0,1,29,10,0,やった
1,29,10,0,1,29,11,0,それよくない?
1,29,11,0,1,29,15,0,やるやるやるやるやるやるやりたい
1,29,15,0,1,29,17,0,ポム衣装グランプリしようよ
1,29,17,0,1,29,19,0,やりたい
1,29,19,0,1,29,22,0,したいねじゃあ私がポムの回のロゴ作るわ
1,29,22,0,1,29,24,0,わー
1,29,25,0,1,29,26,0,そうしよう
1,29,26,0,1,29,29,0,えちょっとこれ本当にちゃんと決めようこれは
1,29,29,0,1,29,30,0,うん
1,29,30,0,1,29,31,0,作るって
1,29,31,0,1,29,35,0,ちょっとリスナーさんに宣言しなきゃリスナーさんにも準備期間ってものがある
1,29,35,0,1,29,40,0,選ばれた人は私たちのアクスタになる
1,29,40,0,1,29,42,0,おーいいじゃん
1,29,42,0,1,29,43,0,いいよね
1,29,43,0,1,29,44,0,それが発売される
1,29,44,0,1,29,46,0,発売はされないけど
1,29,46,0,1,29,48,0,そう発売はされないけど
1,29,48,0,1,29,50,0,うちらの手元にね
1,29,50,0,1,29,54,0,アクスタとポムTシャツもできるから
1,29,54,0,1,29,56,0,そうそうそう新しいやつ
1,29,56,0,1,30,0,0,ポムTシャツ自分しか得しないけど
1,30,0,0,1,30,4,0,でも届いたら写真でちゃんとtwitterにねこれ出てたよ
1,30,4,0,1,30,5,0,そうね
1,30,5,0,1,30,7,0,発売はされないけど
1,30,7,0,1,30,8,0,そうそう
1,30,8,0,1,30,9,0,すごいよ
1,30,9,0,1,30,10,0,そうね
1,30,10,0,1,30,14,0,あそれでとさあのー今日出しとくの忘れたんだけどさ
1,30,14,0,1,30,18,0,えちかっぽよが描いてくれてさシャルさんが色塗ってくれたさ
1,30,18,0,1,30,23,0,あのポムのオーラルカコのペンギンみたいな姿あるじゃん
1,30,23,0,1,30,24,0,うん
1,30,24,0,1,30,27,0,あれさ気に入りすぎて一生固定してるんだけどさ
1,30,27,0,1,30,29,0,してるよね
1,30,29,0,1,30,36,0,気に入りすぎてそのツイート一生固定してんだよ私
1,30,36,0,1,30,39,0,ちゃんと色塗ったバージョンに変わってるし
1,30,39,0,1,30,41,0,色塗ったバージョンにして
1,30,41,0,1,30,43,0,モノクロのやつだったのに
1,30,43,0,1,30,48,0,オーラルカコと暮らす生活みたいな色この後あったよね
1,30,48,0,1,30,49,0,あ見た
1,30,49,0,1,30,51,0,あれめっちゃ可愛くなかった
1,30,51,0,1,30,54,0,あれのさシャルといちかちゃんバージョンも欲しい
1,30,54,0,1,30,56,0,いつかグッズ出したい
1,30,56,0,1,31,0,0,やだやだやだ
1,31,0,0,1,31,1,0,何が
1,31,1,0,1,31,4,0,待って待って待って何のいやだそれ
1,31,4,0,1,31,5,0,なんでおもろい
1,31,5,0,1,31,6,0,やだ
1,31,6,0,1,31,9,0,可愛いこのオーラルカコ
1,31,9,0,1,31,11,0,えいいじゃんえ何がくま
1,31,11,0,1,31,15,0,このあれいいじゃんバスタル巻いてるオーラルカコでいいじゃん
1,31,15,0,1,31,16,0,え
1,31,16,0,1,31,18,0,こっちぬいぐるみにしようめくれるタイプ
1,31,18,0,1,31,22,0,可愛いこれガチで
1,31,22,0,1,31,26,0,え可愛くないこれ普通にぬいぐるみでも可愛いと思うけど
1,31,26,0,1,31,27,0,ぬいぐるみ欲しい
1,31,27,0,1,31,31,0,ぬいぐるみ欲しい下の枕にするのになこれ
1,31,31,0,1,31,33,0,シャル抱き枕にするかも
1,31,33,0,1,31,38,0,作るかじゃあちょっと今画像ね画面に出すんでしばし待たれよ
1,31,38,0,1,31,43,0,えいちかちゃんシャルも10秒くらいでちょっといちかちゃんの作ってよ
1,31,43,0,1,31,47,0,そしたらシャルさフェルトでさ作るよ3人分
1,31,47,0,1,31,55,0,いやオーラルカコのこれが描きやすかったのはオーラルカコが袋であることがかなりでかいんだよね
1,31,55,0,1,31,56,0,確かに
1,31,56,0,1,31,57,0,そうでしょ
1,31,57,0,1,31,58,0,悪魔だね
1,31,58,0,1,31,59,0,悪魔
1,31,59,0,1,32,0,0,そうでしょ
1,32,0,0,1,32,2,0,そうでしょとも
1,32,2,0,1,32,6,0,無理でしょともそりゃ
1,32,6,0,1,32,11,0,モチーフがねベースがあったからね
1,32,11,0,1,32,12,0,そうなんだよね
1,32,12,0,1,32,15,0,えいいなあかわいいシャル欲しい
1,32,15,0,1,32,16,0,そうでしょとも
1,32,16,0,1,32,30,0,この人のマジでわかってんなって思うのがこのさ前髪が眉毛に見えるように描いてたんだけどそれを忠実に守ってくれてるところがマジで私そうなんよって思ってる
1,32,30,0,1,32,34,0,喜んでるわこの方もそうだよねみたいな
1,32,34,0,1,32,36,0,可愛い
1,32,36,0,1,32,42,0,一番眉毛に見えるのってシャルの左にいるオーラルカコだよね
1,32,42,0,1,32,45,0,可愛いなチコ
1,32,45,0,1,32,54,0,あとさあのこのサングラスかけてる方がだいたいしょんぼりしててさ初期衣装のやつちょっといつも得意げなの好きなんだよね
1,32,54,0,1,32,55,0,そう
1,32,55,0,1,32,56,0,ほんとだ
1,32,56,0,1,32,57,0,ほんとだ
1,32,57,0,1,33,7,0,あとさ同じ時空に私も存在するんだってことに気づいてさびっくりしちゃったねこれあ私も存在していいんだっていうことに
1,33,7,0,1,33,11,0,そうなんだよねオーラルカコじゃなくて
1,33,11,0,1,33,13,0,なんだよこれ
1,33,13,0,1,33,17,0,右からだよオーラルカコのペットみたいな感じじゃない
1,33,17,0,1,33,18,0,めっちゃ可愛い
1,33,18,0,1,33,21,0,めっちゃ可愛いとにかく大好きすぎるわ
1,33,21,0,1,33,25,0,ちょっと待って横に常に表示しておくことにしよう
1,33,25,0,1,33,28,0,あまりにも気に入ってるから
1,33,28,0,1,33,31,0,色塗ってこんなになんかなると思わなかった
1,33,31,0,1,33,33,0,色もめっちゃいい
1,33,33,0,1,33,34,0,ねえ可愛い
1,33,34,0,1,33,35,0,色もめっちゃいい
1,33,35,0,1,33,37,0,どうしても色塗りたくなった
1,33,37,0,1,33,41,0,なんかさこの間さ二人がコラボしてた青組のコラボがあったじゃないですか
1,33,41,0,1,33,42,0,うん
1,33,42,0,1,33,48,0,あの時にさ私がさ配信前にさ最初シャルさんが書いてくれた
1,33,48,0,1,33,58,0,あのそうやいちかがめちゃめちゃニコニコの脇にこのポムのルカコがさ両脇にいるっていうあのシャルさんが1ミリも出てないサムネイルだったんだよね最初
1,33,58,0,1,34,0,0,そうそうそうそう
1,34,0,0,1,34,4,0,ですげえないねえ私いねえのに2個もいるわと思って
1,34,4,0,1,34,7,0,すごい感動したんだけどさ
1,34,7,0,1,34,15,0,なんかその後配信さ今日この何時に配信ですっていうさコラボにはさそのポムのルカコいなくなってさ
1,34,15,0,1,34,23,0,で寂しいなと思ってさあの待機所のようにねあのサムネイルから解雇されて寂しいって書いたら
1,34,23,0,1,34,30,0,なんかその数分後ぐらいにそうやいちかがサムネイル間違えてたって言って私をなんか3つぐらい追加したサムネに書いてくれてた
1,34,30,0,1,34,32,0,優しいなと思った
1,34,32,0,1,34,33,0,そう書いた
1,34,33,0,1,34,37,0,なんならその配信の中にルカコいないのにルカコ配信画面にいたからね配信
1,34,37,0,1,34,38,0,いたよね
1,34,38,0,1,34,39,0,いた
1,34,41,0,1,34,42,0,マジで可愛い
1,34,42,0,1,34,43,0,マジで可愛いよ
1,34,43,0,1,34,45,0,よかった最高だったはい
1,34,45,0,1,34,47,0,いいよこれめっちゃいい
1,34,47,0,1,34,48,0,めっちゃいい
1,34,48,0,1,34,49,0,可愛い
1,34,49,0,1,34,55,0,私本当にあのぬいぐるみ発注しようかなって今思ってるんだよね
1,34,55,0,1,34,56,0,欲しすぎて
1,34,56,0,1,34,57,0,マジで可愛い
1,34,57,0,1,34,58,0,これはゲル
1,34,58,0,1,35,0,0,2つソヤの分も
1,35,0,0,1,35,3,0,じゃソヤの分も頼む
1,35,3,0,1,35,4,0,ソヤの分も
1,35,4,0,1,35,6,0,じゃ3つ頼む
1,35,6,0,1,35,8,0,よろしく
1,35,8,0,1,35,12,0,はいということでねあ間違えた
1,35,12,0,1,35,16,0,大丈夫ですスタジオモード使ってたから
1,35,16,0,1,35,18,0,次ですねお便り来てます
1,35,18,0,1,35,19,0,はい
1,35,19,0,1,35,24,0,ケリーさんからの愛される女メソッドですね
1,35,24,0,1,35,31,0,俺の愛した女は7割の自由奔放2割の素直1割の甘えでできている
1,35,31,0,1,35,36,0,こちらが求めても振り向かず諦めかけた時に限って声をかけてくるあの子
1,35,36,0,1,35,42,0,自分勝手なだけかと思えばこれと決めたことに妥協を許さずやり遂げる真っ直ぐな一面を見せられる
1,35,42,0,1,35,46,0,自由と危なっかしさのせいでついつい目が離せなくなってしまう
1,35,46,0,1,35,52,0,そして落ち込んだ時寂しい時寒さに震える時不意に背中をすり寄せてくる姿が
1,35,52,0,1,35,56,0,姿に俺が一生守ってやらなければと思わされてしまうのだ
1,35,56,0,1,36,0,0,ここまでお話しすれば皆さんもお分かりいただけたことだろう
1,36,0,0,1,36,4,0,うちの猫ちゃん以上に愛おしい存在がいないことって書いてるんですけど
1,36,4,0,1,36,7,0,いや猫は可愛いよな
1,36,7,0,1,36,11,0,結構早い段階から猫かなって言ってる人いたからやっぱ猫なんだね
1,36,11,0,1,36,13,0,結局猫
1,36,13,0,1,36,16,0,可愛いよね猫はね
1,36,16,0,1,36,18,0,猫はちょっと
1,36,18,0,1,36,19,0,なんで?
1,36,19,0,1,36,20,0,猫や?
1,36,20,0,1,36,21,0,猫苦手なんだよね
1,36,21,0,1,36,22,0,なんで?
1,36,22,0,1,36,24,0,目が怖い
1,36,24,0,1,36,26,0,へー
1,36,26,0,1,36,29,0,暗闇の中で目見ればさ
1,36,29,0,1,36,31,0,怖いじゃん光ってるじゃん
1,36,31,0,1,36,33,0,暗すぎるな
1,36,33,0,1,36,34,0,暗すぎる
1,36,34,0,1,36,37,0,引きかかれた記録があるから
1,36,37,0,1,36,39,0,あーそれだか
1,36,39,0,1,36,41,0,そういうトラウマもある
1,36,41,0,1,36,43,0,へー
1,36,43,0,1,36,45,0,なんか
1,36,45,0,1,36,51,0,100%思い通りにならない感じが可愛いよね猫は
1,36,51,0,1,36,53,0,そうだね
1,36,53,0,1,36,57,0,やっぱりなんか犬も従順ですごいいいなと思うけど
1,36,57,0,1,37,2,0,猫の気まぐれ感はどうしようもなく取りこみするよね人間を
1,37,2,0,1,37,4,0,うーんそうね
1,37,4,0,1,37,6,0,犬も好きだけど
1,37,6,0,1,37,8,0,犬も好きどっちも好きだね
1,37,8,0,1,37,9,0,でもさ
1,37,9,0,1,37,10,0,どっちも好き
1,37,10,0,1,37,12,0,私思うんだよねやっぱその
1,37,12,0,1,37,16,0,ななしさんってすごいなっていう
1,37,16,0,1,37,21,0,なんでさそんなさみんな大好きなさ猫をさ
1,37,21,0,1,37,23,0,猫が運営やっとるんじゃっていう
1,37,23,0,1,37,25,0,それが本当に不思議なんだよね私
1,37,25,0,1,37,30,0,いやー本当に私も不思議だよなれないね
1,37,30,0,1,37,32,0,やっちゃダメだろう
1,37,32,0,1,37,34,0,あははは
1,37,34,0,1,37,36,0,まじで
1,37,36,0,1,37,39,0,なんなんだろうねあれねなんか
1,37,39,0,1,37,40,0,いやー本当に
1,37,40,0,1,37,47,0,本当にね褒められてる褒められてるのかな褒められてると思ってくれるんだったらそっちのほうがいいですけどね
1,37,47,0,1,37,50,0,最初にして最大のミスだと思うマジ
1,37,50,0,1,37,53,0,私もそう思うよ私もそう思う
1,37,53,0,1,37,56,0,猫を運営が取ってしまう
1,37,56,0,1,37,58,0,あははは
1,37,58,0,1,38,5,0,もともと生まれた時から猫だったんだけどやっぱその猫として生まれたにも関わらず運営やってるって言うのがダメなんだよね
1,38,5,0,1,38,6,0,確かに
1,38,6,0,1,38,7,0,そう
1,38,7,0,1,38,8,0,生態もないしな
1,38,8,0,1,38,9,0,そう
1,38,9,0,1,38,13,0,お前が頑張らなきゃお前が歌って踊らなきゃって私は思ってるよいつも
1,38,13,0,1,38,15,0,あははは
1,38,15,0,1,38,17,0,お前もさ
1,38,17,0,1,38,22,0,ななしちゃんたちがバリバリにキレキレに踊ってんのちょっと見てみたい
1,38,22,0,1,38,27,0,あーでもなんかあのパトカーさんのライブとかで結構後ろで踊ってたりしたよね
1,38,27,0,1,38,28,0,踊ってたね
1,38,28,0,1,38,29,0,うんっていうのもあったかな
1,38,29,0,1,38,31,0,予算が足りない
1,38,31,0,1,38,33,0,ねーあるよね
1,38,33,0,1,38,36,0,ミニアキャットは猫かじゃないの?
1,38,36,0,1,38,41,0,猫じゃないよミニアキャットのキャットってCATじゃないから確か
1,38,41,0,1,38,44,0,えー何なのあれ
1,38,44,0,1,38,50,0,あれはねミニアキャットのスズリ確か違ったような気がするんだけど
1,38,50,0,1,38,51,0,勘違いだった
1,38,51,0,1,38,52,0,基本と
1,38,52,0,1,38,54,0,スズリ
1,38,54,0,1,38,57,0,そうだよねMERKATだもん
1,38,57,0,1,39,3,0,キャットがあれじゃないよね猫が貢献じゃないよね多分マングースマングースか
1,39,3,0,1,39,5,0,えー
1,39,5,0,1,39,7,0,マングースに近いんだね
1,39,7,0,1,39,8,0,えー
1,39,8,0,1,39,9,0,そうなんだ
1,39,9,0,1,39,11,0,えー
1,39,14,0,1,39,16,0,マングースってなんだ
1,39,16,0,1,39,20,0,だいたいハブと戦ってるイメージしかないよな
1,39,20,0,1,39,22,0,マングースがあんまりわかんない
1,39,22,0,1,39,24,0,あー
1,39,24,0,1,39,26,0,ミニアキャットも可愛いよね
1,39,26,0,1,39,27,0,ミニアキャット可愛いよね
1,39,27,0,1,39,31,0,すいませんねちょいちょいエアポッツのパーセンテージが出てきてて
1,39,31,0,1,39,33,0,全然大丈夫ですよ出てきてたんですか
1,39,33,0,1,39,36,0,可愛いじゃんマングース
1,39,36,0,1,39,40,0,ちょっと待ってじゃあいちかさんギリギリにするわ
1,39,40,0,1,39,42,0,切り取りギリギリにする
1,39,42,0,1,39,43,0,ほんとすまない
1,39,43,0,1,39,44,0,全然いいよ
1,39,44,0,1,39,48,0,エアポッツを多分しまってないでベッドの上にポンって置いてあるからね
1,39,48,0,1,39,50,0,接続されてるんだずっと
1,39,50,0,1,39,52,0,はははは
1,39,52,0,1,39,55,0,ギリギリになってもしょうがないやつ
1,39,55,0,1,39,57,0,普通にあのー
1,39,57,0,1,39,59,0,充電ないよみたいな感じで出てきちゃうタイプの通知
1,39,59,0,1,40,1,0,あそうそうそうそう
1,40,1,0,1,40,3,0,あそっかじゃあいくかそのままでいいよ
1,40,3,0,1,40,4,0,どんどん出していこう
1,40,4,0,1,40,7,0,いちかさんのエアポッツ事情だって知りたいよそれはリスナーさんは
1,40,7,0,1,40,9,0,いちかさんの
1,40,9,0,1,40,11,0,いちかちゃんのエアポッツ
1,40,11,0,1,40,14,0,充電何パーセントなんだろうな
1,40,14,0,1,40,15,0,そうそうそう
1,40,15,0,1,40,16,0,日々感じてるもんね
1,40,16,0,1,40,17,0,みんなに教えたいからね
1,40,17,0,1,40,18,0,ね確かに
1,40,18,0,1,40,19,0,すごいね
1,40,19,0,1,40,20,0,うん
1,40,20,0,1,40,21,0,何が
1,40,21,0,1,40,26,0,いやなんかエアポッツまで愛せるってすごいねパーセンテージも愛せるリスナーさんって
1,40,26,0,1,40,27,0,みんな愛してるよね
1,40,27,0,1,40,31,0,みんななんか本当に愛されてるんだなって思うよねいちかちゃん
1,40,31,0,1,40,34,0,そのなんか自分の私物の充電のパーセンテージまで
1,40,34,0,1,40,38,0,5パーかーって思わせてるってさ
1,40,38,0,1,40,43,0,いやだからさやっぱあのエアポッツのさ残りのその充電からもさこう何
1,40,43,0,1,40,46,0,想像できるものがあるじゃんやっぱ情報として
1,40,46,0,1,40,52,0,あやっぱいちかちゃんってそのギリギリまで充電しないタイプなんだなーとかさ
1,40,52,0,1,40,56,0,あいちかちゃん今日すごいたくさん音楽聞いたんだろうなーとかさ
1,40,56,0,1,40,59,0,ベッド並みにほちーしちゃうところかわいいなーみたいな
1,40,59,0,1,41,1,0,なんかそういう想像力がさ
1,41,1,0,1,41,5,0,多分かきたてられるからどんな情報だって欲しいよな
1,41,5,0,1,41,6,0,推しの
1,41,6,0,1,41,10,0,ちなみにサルちゃんのファンもそれ思ってるからね
1,41,10,0,1,41,11,0,いや思ってないよ
1,41,11,0,1,41,13,0,いやサルちゃんがそう思ってるだけだからね
1,41,13,0,1,41,17,0,いやエアポッツの充電何パーって聞かれたことない
1,41,17,0,1,41,19,0,いや本当はみんな聞きたいんだって
1,41,19,0,1,41,20,0,いや聞きたいよ
1,41,20,0,1,41,22,0,聞いてどうすんだよ
1,41,22,0,1,41,25,0,いやサルちゃんのお風呂の温度も知りたいし
1,41,25,0,1,41,29,0,今日何時に起きて何時に寝てどんな夢見たかも知りたいし
1,41,29,0,1,41,32,0,寝起き一番で何したかも知りたい
1,41,32,0,1,41,33,0,全部知りたいよね
1,41,33,0,1,41,35,0,全部知りたい
1,41,35,0,1,41,37,0,24時間するって言ったじゃんうちら
1,41,37,0,1,41,38,0,じゃあそうしよ
1,41,38,0,1,41,40,0,寝起きもちゃんと24時間
1,41,40,0,1,41,43,0,それが一応300
1,41,43,0,1,41,46,0,マジでPOM24時はやりたい
1,41,46,0,1,41,47,0,やろって
1,41,47,0,1,41,49,0,いいよ
1,41,49,0,1,41,53,0,本当に3人の観察みたいな
1,41,53,0,1,41,56,0,企画とかも
1,41,56,0,1,41,57,0,やりたいやりたい
1,41,57,0,1,42,2,0,どこかのコテージとか一軒家とか借りない?
1,42,2,0,1,42,4,0,いいね
1,42,4,0,1,42,9,0,借りて1週間POMの行動生活やんない?
1,42,9,0,1,42,11,0,いいよ
1,42,11,0,1,42,14,0,待って1週間24時間?
1,42,14,0,1,42,17,0,いやいやその時は24時間じゃないけど
1,42,17,0,1,42,20,0,全然1週間垂れ流してもいいけどね
1,42,20,0,1,42,22,0,ま?
1,42,22,0,1,42,23,0,全然いいよ
1,42,23,0,1,42,26,0,じゃあそうするか
1,42,26,0,1,42,28,0,いいよ別に
1,42,28,0,1,42,30,0,やりたい
1,42,30,0,1,42,31,0,楽しそう
1,42,31,0,1,42,35,0,1週間が長いんだったら3日でも4日でも何日でもいいけどやりたい
1,42,35,0,1,42,36,0,確かに
1,42,36,0,1,42,38,0,ケロベロス行けるところにしてほしい
1,42,38,0,1,42,39,0,いいよ
1,42,39,0,1,42,41,0,ありがとう
1,42,41,0,1,42,43,0,POM合宿ね
1,42,43,0,1,42,44,0,POM合宿
1,42,44,0,1,42,46,0,合宿いいね
1,42,46,0,1,42,50,0,プライベート?プライベートもないもんな
1,42,50,0,1,42,53,0,作業してるからずっとプライベート
1,42,53,0,1,42,55,0,あるよってないと思うよ
1,42,55,0,1,42,57,0,全然見られていいもん
1,42,57,0,1,43,0,0,ずっと1週間そこにいても何にもね
1,43,0,0,1,43,5,0,たぶん7シーズンから連絡か作業しかしてないから
1,43,5,0,1,43,8,0,みんな一人事言わないあんまり
1,43,8,0,1,43,11,0,私たまに突然歌いだすよ
1,43,11,0,1,43,15,0,私もなんだよなだからそれだけだな
1,43,15,0,1,43,19,0,ちょっと出しに行ってもいい?
1,43,19,0,1,43,20,0,どこに?
1,43,20,0,1,43,23,0,え?なんかしてたら
1,43,23,0,1,43,25,0,いいよ
1,43,25,0,1,43,28,0,夜ドライブ誘うと思う
1,43,28,0,1,43,30,0,めっちゃいい
1,43,30,0,1,43,32,0,その時も種流ししていいから
1,43,32,0,1,43,33,0,毎日行こう
1,43,33,0,1,43,34,0,毎日いいね
1,43,34,0,1,43,36,0,毎日ドライブ行こう
1,43,36,0,1,43,37,0,いいよ
1,43,37,0,1,43,40,0,でさ深夜にサイゼリア行こう
1,43,42,0,1,43,45,0,もうサイゼリアから離れない
1,43,45,0,1,43,50,0,POMの機能よりサイゼリアの案件力がある
1,43,50,0,1,43,53,0,深夜にドライブしたらファミレス行くじゃん
1,43,53,0,1,43,55,0,行かなくない?
1,43,55,0,1,43,57,0,ドライブスルーじゃない?
1,43,57,0,1,44,3,0,ドライブスルーで9時とか10時に出発して1回スタバのドライブスルー寄るじゃん
1,44,3,0,1,44,9,0,でだいたい飲み終わってお腹空いてきた小腹空いてきたなってなってサイゼ行くじゃん
1,44,9,0,1,44,12,0,サイゼかラーメンかどっちか行くじゃん
1,44,12,0,1,44,14,0,ラーメン行く
1,44,14,0,1,44,16,0,ラーメン行く
1,44,16,0,1,44,27,0,"私一晩で5,6人でラーメン屋を限界まではしごするっていうイベントに参加したことあって"
1,44,27,0,1,44,35,0,"その時に自由に最終的に朝まで5,6軒ぐらい巡るんだけど"
1,44,35,0,1,44,37,0,もうちょっと多かったかな
1,44,37,0,1,44,42,0,そこで好きなラーメン屋に降りて食べていいみたいな
1,44,42,0,1,44,46,0,自分が全部食べるわけじゃなくて気になった店だけでいいんだけど
1,44,46,0,1,44,49,0,私全部気になっちゃって全部食べたのね
1,44,49,0,1,44,51,0,え?
1,44,51,0,1,44,54,0,だからあれやりたいまた
1,44,54,0,1,44,59,0,なんかさ最近えのきめっちゃ食べてる
1,44,59,0,1,45,1,0,言ってたね
1,45,1,0,1,45,9,0,最近そういうラーメンの麺とかえのきも麺みたいじゃん
1,45,9,0,1,45,19,0,頭の中で食べすぎてるせいで腸の中で絡まっちゃったらどうしようかなってめっちゃ怖くて
1,45,19,0,1,45,21,0,えのきが?
1,45,21,0,1,45,23,0,そう
1,45,23,0,1,45,25,0,えのきの想像力
1,45,25,0,1,45,28,0,最近麺類ちょっと怖い
1,45,28,0,1,45,31,0,え?噛んでないの?
1,45,31,0,1,45,32,0,噛んでる
1,45,32,0,1,45,35,0,噛んでたら切れてるから大丈夫でしょ
1,45,35,0,1,45,40,0,えのきってさそんなにさまっすぐ噛み切れなくない?
1,45,40,0,1,45,44,0,逆にいちかちゃんの胃は消化しないの?
1,45,44,0,1,45,48,0,待ってよえのきってさ保存の食物繊維かな
1,45,48,0,1,45,51,0,えのきは消化に悪いよって言われてるよ
1,45,51,0,1,45,55,0,えのきはマジ食べすぎてて
1,45,55,0,1,45,58,0,多分それも良くないかもしれないけど
1,45,58,0,1,46,1,0,ちょっとねえのき
1,46,1,0,1,46,7,0,そっかほとんど食物繊維だったら確かにそのまま出てくるね
1,46,7,0,1,46,11,0,コーンもそうだよね
1,46,11,0,1,46,14,0,コーンは糖質高いんじゃない?
1,46,14,0,1,46,17,0,食べすぎたらさホイル行った時コーン出てくるのね
1,46,17,0,1,46,22,0,ちょっと待ってシャルちゃん的にこの話は一旦やめて次のお便り読もうと思う
1,46,22,0,1,46,24,0,あはい
1,46,24,0,1,46,27,0,いいんだけど別にアニマーレは全然いいんだけど
1,46,27,0,1,46,36,0,私はハニーストーンさんとヒョクロさんのファンに対しては結構ライン恐る恐る活動してる節あるからさ
1,46,36,0,1,46,42,0,そこの二つだけは本当に守っていきたいと思ってるから
1,46,42,0,1,46,44,0,怒られたくないからさ
1,46,44,0,1,46,47,0,こっちのリスナーさんに怒られたくないよ私は
1,46,47,0,1,46,50,0,だからやっぱり止めていこうと思うこれは
1,46,50,0,1,46,52,0,まあしないけど別にうんちとか
1,46,52,0,1,46,54,0,しないよね
1,46,54,0,1,46,57,0,いちかさん何が出てくるんだっけ
1,46,57,0,1,46,58,0,ホイップ
1,46,58,0,1,47,0,0,なんでないだろうが
1,47,0,0,1,47,2,0,おいホイップ出てくるぞ
1,47,2,0,1,47,4,0,ホイップだから
1,47,4,0,1,47,5,0,ホイップだよ
1,47,5,0,1,47,10,0,私ねデビューする前にいちかさんの配信見ててそれ言ってた
1,47,10,0,1,47,14,0,私ホイップしかしないから
1,47,14,0,1,47,15,0,ちゃるちゃん
1,47,15,0,1,47,18,0,朝の日かなんかでホイップの話してたもん
1,47,18,0,1,47,20,0,思い出した
1,47,20,0,1,47,22,0,赤たわっちゃった
1,47,22,0,1,47,24,0,やばいこの顔
1,47,24,0,1,47,26,0,この間のマイクラで私たちが
1,47,26,0,1,47,29,0,よく見てステキレイの時だわ
1,47,29,0,1,47,34,0,あの時以来の表情だ
1,47,34,0,1,47,38,0,でもさそれを本当にリスナーさんが信じてると思ってるの
1,47,38,0,1,47,40,0,信じてるよ
1,47,40,0,1,47,42,0,だって本当なのに
1,47,42,0,1,47,45,0,いやそれを信じてる人はそうそういない
1,47,45,0,1,47,49,0,ちゃろさんそれはねだからさっきのその
1,47,49,0,1,47,51,0,全然知らない人の目線と一緒
1,47,51,0,1,47,54,0,信じる信じないじゃなくて自分が本当にそうだから
1,47,54,0,1,47,55,0,ホイップ出てくるから
1,47,55,0,1,47,59,0,誰かに信じてもらうためにいちかさんをホイップ出してるわけじゃない
1,47,59,0,1,48,1,0,ホイップが出てきちゃうんだから
1,48,1,0,1,48,3,0,そうだよ
1,48,3,0,1,48,5,0,じゃあ一回
1,48,5,0,1,48,8,0,じゃあわかったあのね
1,48,8,0,1,48,11,0,一回ガラス張りの箱作って
1,48,11,0,1,48,13,0,ホイップ出して
1,48,13,0,1,48,14,0,えじゃあ食べてくれる?
1,48,14,0,1,48,15,0,食べない
1,48,15,0,1,48,18,0,なんでホイップなのに
1,48,18,0,1,48,20,0,ホイップ成分検査させて
1,48,24,0,1,48,25,0,仕方ないね
1,48,25,0,1,48,28,0,現実オシャルは見せたい
1,48,28,0,1,48,30,0,いやいやいやホイップしか出ないのに
1,48,30,0,1,48,32,0,不思議なのかな
1,48,33,0,1,48,34,0,不思議だね
1,48,34,0,1,48,36,0,じゃあ次のね
1,48,36,0,1,48,38,0,お便り読みたいと思います
1,48,38,0,1,48,40,0,やべえちょっと待って
1,48,40,0,1,48,43,0,えちょっと思いのほか時間経ってて最後のお便りにします
1,48,43,0,1,48,45,0,はい
1,48,45,0,1,48,51,0,TVさんからの愛される女メソッドありがとうございますお便り
1,48,51,0,1,48,52,0,ちょっとみんなにも送りますね
1,48,52,0,1,48,53,0,どうも
1,48,53,0,1,48,54,0,はいどうもどうも
1,48,54,0,1,48,56,0,今回なんか
1,48,56,0,1,49,1,0,あの大体私このラジオの下読みというかお便り全部読むのに
1,49,1,0,1,49,3,0,大体3時間かかるんですけど毎回
1,49,3,0,1,49,4,0,やば
1,49,5,0,1,49,6,0,じゃあ早いじゃん
1,49,6,0,1,49,7,0,今日
1,49,7,0,1,49,11,0,今日あのいただいたお便りを全部読むのに
1,49,11,0,1,49,15,0,でその中からこれ読ませてもらおうかなっていうのを選ぶんだけどさ
1,49,15,0,1,49,17,0,全部読んでるのエラ
1,49,17,0,1,49,20,0,全部読むよねみんな多分
1,49,20,0,1,49,21,0,全部読む
1,49,21,0,1,49,23,0,うん全部読むよね
1,49,23,0,1,49,25,0,いちこさんもだってお便り募集してる
1,49,25,0,1,49,27,0,配信でってことでしょ
1,49,27,0,1,49,28,0,うん裏で
1,49,28,0,1,49,29,0,あー
1,49,29,0,1,49,32,0,配信自体は1時間半か2時間くらい
1,49,32,0,1,49,33,0,うんうん
1,49,33,0,1,49,34,0,そう
1,49,34,0,1,49,37,0,今回なんかすっごいみんなコンパクトにまとめてくれてて
1,49,37,0,1,49,39,0,なんかめちゃめちゃ早かった
1,49,39,0,1,49,40,0,うん
1,49,40,0,1,49,41,0,なんでだろう
1,49,41,0,1,49,44,0,そうなんかルカくんのリスナーさんって長文なイメージあるでも
1,49,44,0,1,49,46,0,あでもすごい長文書いてくれる人多い
1,49,46,0,1,49,47,0,あとなんか
1,49,47,0,1,49,48,0,うん
1,49,48,0,1,49,51,0,結構その週のさ1週間の感想みたいなやつを
1,49,51,0,1,49,54,0,結構事細かに毎週送ってくれる方とかいる
1,49,54,0,1,49,55,0,すごい
1,49,55,0,1,49,56,0,うん
1,49,56,0,1,49,58,0,私もだからこんな配信したなみたいな
1,49,58,0,1,49,59,0,ははは
1,49,59,0,1,50,0,0,へー
1,50,0,0,1,50,1,0,配信あったな
1,50,1,0,1,50,2,0,あー
1,50,2,0,1,50,5,0,これをこのままコミュニティに投稿してえなって思ってるいつも
1,50,5,0,1,50,6,0,へー
1,50,6,0,1,50,7,0,思っています
1,50,7,0,1,50,8,0,へー
1,50,8,0,1,50,10,0,はい最後のお便り読ませていただきます
1,50,10,0,1,50,13,0,えーTVさんからの愛される女メソッド
1,50,13,0,1,50,15,0,ポムの会の皆さんこんばんは
1,50,15,0,1,50,16,0,こんばんは
1,50,16,0,1,50,21,0,えー好きだよ愛してるよと相手に伝えたらどう返してほしいですか
1,50,21,0,1,50,27,0,大抵は僕もだよなどと返してもらうことを期待するのではないでしょうか
1,50,27,0,1,50,31,0,えーそういうことを私の配偶者さんはちっとも言ってくれません
1,50,31,0,1,50,36,0,代わりにだよね知ってるそうでしょと言います
1,50,36,0,1,50,39,0,ただしめちゃくちゃ得意げで嬉しそうに
1,50,39,0,1,50,43,0,えー好きだよに好きだよって返すことは
1,50,43,0,1,50,47,0,返すのは少し意地悪な見方をすればギブアンドテイクの関係
1,50,47,0,1,50,51,0,惜しみなく行為を享受するちょっぴりエゴイスティックな人こそ
1,50,51,0,1,50,53,0,愛され上手なのではないでしょうか
1,50,53,0,1,50,57,0,まあただのろけたかっただけなんですけどってお便りきてました
1,50,57,0,1,51,2,0,えー可愛いいいねめっちゃいいお便り
1,51,2,0,1,51,5,0,何だと思ったの
1,51,5,0,1,51,10,0,なんか配信者って思ってあいちかちゃんのことじゃんと思って喋っちゃった
1,51,10,0,1,51,11,0,あ笑っちゃった
1,51,11,0,1,51,12,0,配偶者さんですか
1,51,12,0,1,51,13,0,だから笑ってたの
1,51,13,0,1,51,18,0,そうそうそう絶対この言い方するのはこの3人だったらいちかちゃんじゃんと思って
1,51,18,0,1,51,22,0,まあ確かに私もちょっと私も言いそうかも
1,51,22,0,1,51,23,0,言いそうだよね
1,51,23,0,1,51,26,0,そうだよねえこれるーちゃんはなんて返す
1,51,26,0,1,51,32,0,好きだよって言われたらありがとうかな
1,51,32,0,1,51,36,0,愛してるよって言われたらありがとう
1,51,36,0,1,51,41,0,同じだ何言っても同じだ返ってくる
1,51,41,0,1,51,44,0,えじゃあさるちゃんは
1,51,44,0,1,51,46,0,さる嬉しいって
1,51,46,0,1,51,48,0,嬉しい
1,51,48,0,1,51,49,0,愛してるよ
1,51,49,0,1,51,51,0,嬉しい
1,51,51,0,1,51,53,0,嬉しいじゃないか両方
1,51,53,0,1,51,57,0,別の武器に言う
1,51,57,0,1,51,59,0,え
1,51,59,0,1,52,2,0,その返しでは返さない
1,52,2,0,1,52,8,0,あー好きだよに対して好きだよって私も好きだよみたいな感じでは返さないってこと
1,52,8,0,1,52,12,0,そう別のキャッチボールで返す
1,52,12,0,1,52,16,0,そのキャッチボールが終わったら言う
1,52,16,0,1,52,21,0,えーえいちかぽよは好きだよって言われたらどうする
1,52,21,0,1,52,25,0,えーどうするんだろうちょっと考えさせて
1,52,25,0,1,52,27,0,いいよそんな考える
1,52,27,0,1,52,29,0,ちょっと妄想させていいかい
1,52,29,0,1,52,32,0,でもさーいちかぽよはだいたいいつもさー
1,52,32,0,1,52,36,0,あのーリスナーさんにさー好きだよって言われてるわけじゃん
1,52,36,0,1,52,38,0,言われてるの
1,52,38,0,1,52,39,0,言われてない
1,52,39,0,1,52,40,0,言われてるの
1,52,40,0,1,52,41,0,言われてるのね
1,52,41,0,1,52,42,0,あいうタイプのリスナーさん
1,52,42,0,1,52,44,0,そのちゃんと何言葉にして
1,52,44,0,1,52,48,0,いやなんかさーあのいいねってさーするとさー
1,52,48,0,1,52,54,0,だいたいそのこの方がいいねしましたみたいな感じでタイムラインにさーその意図しない形で表示されることがあるじゃん
1,52,54,0,1,52,55,0,はいはいはいはい
1,52,55,0,1,53,1,0,でさたまにさーそのいちかさんのさーいいねーがさー私のタイムラインに表示されてる時あるんだけどさー
1,53,1,0,1,53,6,0,結構愛を真摯に伝えられてる感じするよ
1,53,6,0,1,53,8,0,アソレートなタイプが多いってことね
1,53,8,0,1,53,10,0,むちゃくちゃ出てくるけどね
1,53,10,0,1,53,12,0,えーすごい
1,53,12,0,1,53,17,0,あーでもそうかもねそうなのかなどうなのかみんながどんなもんかわかんないけど
1,53,17,0,1,53,19,0,え足りないの?
1,53,19,0,1,53,21,0,ん?あ足りない足りない
1,53,21,0,1,53,23,0,あー
1,53,24,0,1,53,25,0,足りない
1,53,25,0,1,53,27,0,足りないってみんな
1,53,27,0,1,53,28,0,足りない足りない
1,53,28,0,1,53,30,0,大変だなー君たちも
1,53,30,0,1,53,32,0,足りないってよ
1,53,32,0,1,53,45,0,なんかさーやっぱさーなんだろうなー結構さーなんだろう今日もそういうのこと考えてたみたいな感じのやつが表示される時あって
1,53,45,0,1,53,49,0,なんか見ちゃいけなかったなと思ってるけど
1,53,49,0,1,53,51,0,でも勝手に表示されちゃうから
1,53,51,0,1,53,55,0,あーでも確かに
1,53,55,0,1,53,56,0,うん
1,53,56,0,1,53,59,0,なんかあとさーやっぱさーあのー
1,53,59,0,1,54,2,0,いちかさ最近やっぱすごい忙しかったじゃん色々
1,54,2,0,1,54,3,0,うんうん忙しかった
1,54,3,0,1,54,5,0,あんまり配信なかったからさなんか
1,54,5,0,1,54,7,0,あのー久しぶりに配信した時に
1,54,7,0,1,54,11,0,なんかあーやっぱなんかあのーそやさんの声聞けて嬉しいなーとか
1,54,11,0,1,54,16,0,そやさんの配信があるって本当に幸せみたいなのも表示されてた
1,54,16,0,1,54,17,0,わー
1,54,17,0,1,54,18,0,言ってくれてた
1,54,18,0,1,54,19,0,うん
1,54,19,0,1,54,21,0,足りないの?
1,54,21,0,1,54,24,0,足りないって感じはないけど
1,54,24,0,1,54,28,0,そういう風に言ってくれる人は好き
1,54,28,0,1,54,29,0,いいね
1,54,29,0,1,54,31,0,やっぱり嬉しいし
1,54,31,0,1,54,32,0,うん
1,54,32,0,1,54,34,0,へへへってなるからね
1,54,34,0,1,54,36,0,あでもそれいいかもねなんかあのー
1,54,36,0,1,54,40,0,好きだよって言われた時にへへへっての方が可愛いかも
1,54,40,0,1,54,43,0,あーベストアンサーはそれね
1,54,43,0,1,54,44,0,それ可愛いわ
1,54,44,0,1,54,45,0,どうなんだろう
1,54,45,0,1,54,47,0,でもさ自分言われた顔じゃなくてさ
1,54,47,0,1,54,50,0,みんながさ相手に言った程度だとしてさ
1,54,50,0,1,54,54,0,なんて返されたら合格?
1,54,54,0,1,54,56,0,え?でもそれってさなんか
1,54,56,0,1,54,58,0,好きですって言う時に
1,54,58,0,1,55,3,0,なんかあんまりその相手を試すような形で言うのってあんまり良くないじゃない?
1,55,3,0,1,55,4,0,うん
1,55,4,0,1,55,6,0,だからあのー
1,55,6,0,1,55,10,0,恋を伝える時に恋を伝えたいから伝えるのであって
1,55,10,0,1,55,14,0,相手をそのなんて返ってくるんだろうって試したりとか
1,55,14,0,1,55,16,0,愛を測るじゃないけど
1,55,16,0,1,55,23,0,そういう形でその伝えるのって本当に好きって言いたいだけとはまたちょっと順度が違う気がすんだよな私は
1,55,23,0,1,55,26,0,うわシャルめっちゃ似合うか
1,55,26,0,1,55,28,0,え?なんて返ってきてもいいんだけどさ
1,55,28,0,1,55,32,0,でもさ返しによってはめっちゃ嬉しいパターンもあるじゃん
1,55,32,0,1,55,34,0,別になんて返してきても
1,55,34,0,1,55,40,0,あそうそうそうそう相手がどうこう言うって別にどっちでもいいんだけど
1,55,40,0,1,55,41,0,うん
1,55,41,0,1,55,44,0,まぁ強いてだって例えばさ好きって言ってさ
1,55,44,0,1,55,45,0,うんうん
1,55,45,0,1,55,47,0,って言われるよりはさ
1,55,47,0,1,55,48,0,うん
1,55,48,0,1,55,49,0,なにありがとうとかさ
1,55,49,0,1,55,50,0,うん
1,55,50,0,1,55,54,0,俺もだよとかさ私もだよって言われた方がまだ嬉しいは嬉しいじゃん
1,55,54,0,1,55,55,0,うん
1,55,55,0,1,55,59,0,それってなにがみんな嬉しいの?
1,55,59,0,1,56,2,0,欲しいって言うなら
1,56,2,0,1,56,6,0,あーでもなんか
1,56,6,0,1,56,7,0,うん
1,56,7,0,1,56,13,0,これはあの私のその知り合いの話なんだけど
1,56,13,0,1,56,14,0,うん
1,56,14,0,1,56,16,0,なんかあのー
1,56,16,0,1,56,20,0,お付き合いしてる相手がもしいたと仮定した時に
1,56,20,0,1,56,21,0,うん
1,56,20,0,1,56,23,0,やっぱその私のこと好きって
1,56,23,0,1,56,24,0,うん
1,56,23,0,1,56,25,0,聞きたくなっちゃう日があると
1,56,25,0,1,56,26,0,はいはい
1,56,26,0,1,56,29,0,じゃあ私のこと好きって聞いた時に
1,56,29,0,1,56,33,0,どんな対応してくれたら嬉しいのって尋ねた時に
1,56,33,0,1,56,35,0,その子が言ってたのは
1,56,35,0,1,56,38,0,ベランダから外に出て
1,56,38,0,1,56,40,0,で家の周りを一周して
1,56,40,0,1,56,43,0,知ってるぞお前それ誰か
1,56,43,0,1,56,45,0,これくらい好きって言ってほしいっていう
1,56,45,0,1,56,47,0,お前の同期じゃねえか
1,56,47,0,1,56,51,0,あははははは
1,56,51,0,1,56,53,0,お前の同期だからさ
1,56,53,0,1,56,54,0,あはははは
1,56,54,0,1,56,58,0,っていうのを聞いてなんかそれ可愛いなって思ったんだよね
1,56,58,0,1,57,2,0,なんかそれを求めてくる女可愛いなって思ったの
1,57,2,0,1,57,3,0,だから
1,57,3,0,1,57,9,0,私もだからコナミヤにもしなんかどれくらい私のこと好きって聞かれたらベランダから外に出ようって思って
1,57,9,0,1,57,11,0,あはははは
1,57,11,0,1,57,15,0,やっぱその行動で示すのがいいなってその時思ったから
1,57,15,0,1,57,17,0,私ももしかしたらそういう風にその
1,57,17,0,1,57,22,0,別にあのベランダに出られたらちょっと困るけど実際は
1,57,22,0,1,57,25,0,実際は困るんだけどそういう風にそのなんだろう
1,57,25,0,1,57,29,0,全身を使って表現してもらえたら嬉しいかもね
1,57,29,0,1,57,31,0,あーまあおもろいね
1,57,31,0,1,57,32,0,おもろいよ
1,57,32,0,1,57,33,0,おもしろい
1,57,33,0,1,57,35,0,私はちょっとあんまりそれ求めてないけど
1,57,35,0,1,57,36,0,じゃああんまりそれ求めてない
1,57,36,0,1,57,37,0,おもしろいでしょ
1,57,37,0,1,57,42,0,え、シャルちゃんささっきさ女の子そういうの聞いちゃうよね
1,57,42,0,1,57,46,0,遅って言ってたけどシャルちゃんも私のこと好き?とか聞きたい派なの?
1,57,46,0,1,57,50,0,シャルねその人の行動次第によるけど
1,57,50,0,1,57,51,0,うん
1,57,51,0,1,57,54,0,多分猫系タイプの
1,57,54,0,1,57,55,0,うん
1,57,55,0,1,57,57,0,だからその恋人関係
1,57,57,0,1,58,2,0,女友達でも猫系にはシャル聞きたくはなると思う
1,58,2,0,1,58,4,0,へー
1,58,4,0,1,58,7,0,不安がりなタイプだから
1,58,7,0,1,58,8,0,そうだね
1,58,8,0,1,58,12,0,聞きたくなる
1,58,12,0,1,58,15,0,え、かわいい
1,58,15,0,1,58,18,0,いちかさんにも聞いてたもんね
1,58,18,0,1,58,19,0,うん、聞いてたよ
1,58,19,0,1,58,20,0,めっちゃ聞いてた
1,58,20,0,1,58,24,0,で、その度にいちかさんが
1,58,24,0,1,58,27,0,え、シャルちゃんかわいいって言ってた
1,58,27,0,1,58,28,0,確かにその時
1,58,28,0,1,58,29,0,かわいいなと思って
1,58,29,0,1,58,32,0,私絶対聞かないから
1,58,32,0,1,58,36,0,自信がある?私のことどれくらい好きとか
1,58,36,0,1,58,39,0,私のこと好きとか絶対私聞かない
1,58,39,0,1,58,41,0,嘘、え、不安
1,58,41,0,1,58,44,0,でもそれはさ自信があるからじゃん
1,58,44,0,1,58,45,0,うーん
1,58,45,0,1,58,46,0,え?
1,58,46,0,1,58,48,0,違うんだ
1,58,48,0,1,58,50,0,そういうことじゃないのよシャルちゃん
1,58,50,0,1,58,51,0,へー
1,58,51,0,1,58,55,0,なんかねそれを聞くこともね
1,58,55,0,1,58,56,0,うん
1,58,56,0,1,58,59,0,それ聞けるのちょっとすごくない?
1,58,59,0,1,59,3,0,え、なんかすごい、え、でも本人に言う時もあるけど
1,59,3,0,1,59,4,0,うん
1,59,4,0,1,59,7,0,その近しい人に聞くこともある
1,59,7,0,1,59,8,0,例えば
1,59,8,0,1,59,9,0,うん
1,59,9,0,1,59,12,0,この間シャルいちかちゃんに聞いたもん
1,59,12,0,1,59,15,0,え、ルーちゃんシャルのこと嫌ってないかなみたいな
1,59,15,0,1,59,16,0,なんで?
1,59,16,0,1,59,18,0,言ってたの
1,59,18,0,1,59,19,0,え?
1,59,19,0,1,59,20,0,なんでどこで?
1,59,20,0,1,59,21,0,言ったことない
1,59,21,0,1,59,25,0,もうシャルは不安になったら不安になる子なのよ
1,59,25,0,1,59,27,0,え?なんで?
1,59,27,0,1,59,29,0,どこで?
1,59,29,0,1,59,30,0,忘れた
1,59,30,0,1,59,32,0,忘れるようなことでか
1,59,32,0,1,59,33,0,え?
1,59,33,0,1,59,36,0,本当に本当に小っちゃいことでも不安になるパイパン
1,59,36,0,1,59,38,0,いやマジで小っちゃかったよ
1,59,38,0,1,59,39,0,そう
1,59,39,0,1,59,40,0,いや本当に
1,59,40,0,1,59,43,0,小さくて笑ったーって感じだったし
1,59,43,0,1,59,45,0,そうそう笑ってたもんいちかちゃん
1,59,45,0,1,59,49,0,そう私は全然1ミリも感じなかったから
1,59,49,0,1,59,52,0,え?ってすごいびっくりしちゃった
1,59,52,0,1,59,53,0,そう
1,59,53,0,1,59,54,0,へーなんなんだろう
1,59,54,0,1,59,56,0,わかんない忘れた
1,59,56,0,1,59,58,0,でも私もすごいガワイイんだよな
1,59,58,0,2,0,0,0,本当に鈍くてそういうの
2,0,0,0,2,0,2,0,何?
2,0,2,0,2,0,6,0,そういうなんか人間の感情を知らないからやっぱ
2,0,6,0,2,0,7,0,あ
2,0,7,0,2,0,11,0,なんか前さルーちゃんが言ってたじゃん絵文字使わないみたいな
2,0,11,0,2,0,13,0,あそう普段使わない
2,0,13,0,2,0,16,0,なんかびっくりマークとかもあんま使わないみたいな
2,0,16,0,2,0,18,0,えびっくりマークも使わないんだ
2,0,18,0,2,0,20,0,あんま使わない
2,0,20,0,2,0,23,0,この仕事するようになってから結構使うようになったけど
2,0,23,0,2,0,26,0,シャルそれ不安になるんだよ
2,0,26,0,2,0,29,0,えーむずつけるは死ぬほどこれからも
2,0,29,0,2,0,32,0,いやそうだめんどくさいって思わないんだ
2,0,32,0,2,0,36,0,なんか人に言うとめんどくさいって思うタイプもいるからさ
2,0,36,0,2,0,39,0,だから本人に言えないのにそういうこととかは多分
2,0,39,0,2,0,43,0,そういうね人によってそういうタイプがある場合はね
2,0,43,0,2,0,45,0,なるほどね
2,0,45,0,2,0,48,0,でもかわいいよなんかそういう風に言ってくれるのはね
2,0,48,0,2,0,53,0,いや二人はなんかめんどくさって思ってくれないかな
2,0,53,0,2,0,56,0,マスカル付き合いやすい
2,0,56,0,2,0,57,0,あーなるほどね
2,0,57,0,2,0,59,0,そうめんどくさいって思われたら
2,0,59,0,2,1,4,0,逆にさ仮にいやいやってなってもさシャルちゃんに普通に言っても
2,1,4,0,2,1,7,0,シャルちゃんもあそうなのってなってくれるから
2,1,7,0,2,1,10,0,こっちも別にそんなめんどくさいまでいかないよ
2,1,10,0,2,1,13,0,あーなるほどね
2,1,13,0,2,1,15,0,うんそうそう
2,1,15,0,2,1,16,0,だから
2,1,16,0,2,1,18,0,ウィンウィン
2,1,18,0,2,1,20,0,ウィンウィンだね
2,1,20,0,2,1,24,0,ウィンウィンな関係だ
2,1,24,0,2,1,27,0,はいじゃあウィンウィンなのでね
2,1,27,0,2,1,29,0,結構バランスいいね
2,1,29,0,2,1,34,0,そうだねうん確かに最後に5ミリハートマークつけていこう
2,1,34,0,2,1,37,0,そうだねえ腰がいい
2,1,37,0,2,1,38,0,なんで?
2,1,38,0,2,1,39,0,腰?なんで?
2,1,39,0,2,1,42,0,ハートは価値を大切にしてほしいから
2,1,42,0,2,1,44,0,え?
2,1,44,0,2,1,48,0,え?ハートってしょっちゅうつけられると価値なくなんない?
2,1,48,0,2,1,50,0,何ハートの価値って?
2,1,50,0,2,1,51,0,え?
2,1,51,0,2,1,53,0,ないよそんなの
2,1,53,0,2,1,54,0,ないよ
2,1,54,0,2,1,55,0,ないない
2,1,55,0,2,1,57,0,ハートも腰も同じよ
2,1,57,0,2,2,1,0,違うよハートは大切だよ
2,2,1,0,2,2,4,0,じゃあいざって時だけハートつけてほしいってこと?
2,2,4,0,2,2,6,0,うんうんうん
2,2,6,0,2,2,8,0,それいつ?
2,2,8,0,2,2,14,0,でもさ好きにハートつけられた方がちょっと軽くない?
2,2,14,0,2,2,19,0,今日は楽しかったとかルーちゃんが言ってきたらしゃる
2,2,19,0,2,2,20,0,お?
2,2,20,0,2,2,24,0,今日は楽しかったねハート
2,2,24,0,2,2,27,0,男性がじゃなくてルーちゃんの場合ね
2,2,27,0,2,2,30,0,やだそんなオーラル確保
2,2,32,0,2,2,36,0,いちかさん今日は楽しかったですねってハートマークつけてくんの?
2,2,36,0,2,2,38,0,うん可愛い子なんで
2,2,38,0,2,2,40,0,対照違いすぎんだが
2,2,40,0,2,2,42,0,可愛いと思うけどな
2,2,42,0,2,2,48,0,やだなんでだよめっちゃ可愛いでしょ
2,2,50,0,2,2,54,0,え?偽物みたいノットで上げたのかな
2,2,54,0,2,2,56,0,怖い送ったことないわ
2,2,56,0,2,2,58,0,え?
2,2,58,0,2,2,59,0,怖い
2,2,59,0,2,3,3,0,でもしゃるさんの枠ハートのスタンプ使いづらくなっちゃったって大丈夫?
2,3,3,0,2,3,7,0,いやそんなにめっちゃ使ってるわけじゃないよメンバーさんも
2,3,7,0,2,3,9,0,あそうなんだ
2,3,9,0,2,3,11,0,今後使われなくなるよ
2,3,11,0,2,3,13,0,いやいやいや
2,3,13,0,2,3,15,0,気に弱くてしか使われなくなる
2,3,15,0,2,3,20,0,いやリスナーさんのハートの使い方はしゃる嫌じゃない
2,3,20,0,2,3,22,0,多すぎないから別に
2,3,22,0,2,3,25,0,でもやっぱしゃるさんもあれだよね
2,3,25,0,2,3,27,0,ちょっとどうしても自信がなくなっちゃうから
2,3,27,0,2,3,32,0,リスナーさんも毎日毎日しゃるさんへの愛をささやいてもらった方がいいと思いますね
2,3,32,0,2,3,37,0,ツイートとかリプライとかコメントとかでね
2,3,37,0,2,3,39,0,そうだよね
2,3,39,0,2,3,41,0,ちなみにどんなツイートが嬉しいの?しゃるさんは
2,3,41,0,2,3,43,0,えー
2,3,43,0,2,3,45,0,なんか
2,3,47,0,2,3,51,0,今日もしゃるちゃんの配信見れて幸せ
2,3,53,0,2,3,55,0,嬉しい
2,3,55,0,2,3,57,0,嬉しいよね
2,3,57,0,2,3,59,0,嬉しい嬉しい嬉しい
2,3,59,0,2,4,4,0,しゃるちゃんの配信見られて幸せ
2,4,4,0,2,4,6,0,ok?
2,4,6,0,2,4,8,0,どこに載っけるつもり?それ
2,4,8,0,2,4,10,0,コメントコメント
2,4,10,0,2,4,12,0,今すぐツイートできるようにコメントしておいた
2,4,12,0,2,4,14,0,あと何に
2,4,14,0,2,4,16,0,配信休みの日はどうしたらいいの?
2,4,16,0,2,4,18,0,配信休みの日はなんでツイートしたらいいの?
2,4,18,0,2,4,20,0,寂しい日
2,4,20,0,2,4,22,0,しゃるちゃんに会えなくて寂しいなって
2,4,22,0,2,4,24,0,待って待って待って
2,4,24,0,2,4,26,0,ちょっとちょっと待って
2,4,26,0,2,4,28,0,それはちょっと
2,4,28,0,2,4,32,0,コメントとかはしゃるが申し訳なくなっちゃうから
2,4,32,0,2,4,34,0,うん
2,4,34,0,2,4,36,0,今日しゃるちゃんに会えなかったけど
2,4,36,0,2,4,38,0,アーカイブを開けば声が聞けるって最高だな
2,4,38,0,2,4,40,0,にしよう
2,4,40,0,2,4,42,0,おー
2,4,42,0,2,4,44,0,やっぱ語彙高いね
2,4,44,0,2,4,46,0,寂しいけど
2,4,46,0,2,4,54,0,アーカイブを開いたらしゃるちゃんの声が聞けるから
2,4,54,0,2,4,56,0,なんのえ
2,4,56,0,2,5,0,0,しゃるちゃんは申し訳なくなっちゃうんだなと思って
2,5,0,0,2,5,2,0,申し訳なくなんない?
2,5,2,0,2,5,4,0,なんかそうだよね配信できてないもんね
2,5,4,0,2,5,6,0,いやもう急いで帰ってこいよ
2,5,6,0,2,5,8,0,そやいちか配信しろ
2,5,8,0,2,5,10,0,ぐらい言ってくれた方がいいな
2,5,10,0,2,5,12,0,えー
2,5,12,0,2,5,16,0,なんかドSっぽいの好きなの?
2,5,16,0,2,5,18,0,どっちも好き
2,5,18,0,2,5,20,0,ドSっぽいのも好きだし
2,5,20,0,2,5,24,0,いちかがいなくて寂しいよみたいなやつも好きだし
2,5,24,0,2,5,26,0,えー
2,5,26,0,2,5,28,0,なんでも好きだよ
2,5,28,0,2,5,30,0,えー
2,5,30,0,2,5,32,0,なんでも好き
2,5,32,0,2,5,34,0,あー
2,5,34,0,2,5,36,0,ゾバッて言う系好きだもんね
2,5,36,0,2,5,38,0,あそうなんだ
2,5,38,0,2,5,40,0,私配信しろ
2,5,40,0,2,5,42,0,配信なんだろうな
2,5,42,0,2,5,44,0,るーちゃんそれイラってきそうなタイプ
2,5,44,0,2,5,46,0,イラっとはしないけど
2,5,46,0,2,5,48,0,イラっとしてんのかなどうなんだろう
2,5,48,0,2,5,52,0,なんか別になんか純粋な野のお尻とか全然大丈夫なんだけど
2,5,52,0,2,5,56,0,あのなんだろう
2,5,56,0,2,5,58,0,結構そのあの例えばさ
2,5,58,0,2,6,0,0,別に自分の枠とかだったら全然いいし
2,6,0,0,2,6,4,0,自分のリプ欄とかだったら全然平気なんだけど
2,6,4,0,2,6,6,0,他のチャンネルとかのコラボとか
2,6,6,0,2,6,8,0,私がいないところで
2,6,8,0,2,6,10,0,なんかオーラ早くしろよとか
2,6,10,0,2,6,12,0,オーラ服ダセえからなって書いてあると
2,6,12,0,2,6,14,0,えっあれすいませんちょっとあの
2,6,14,0,2,6,18,0,お伺いしたいんですけど私とお知り合いでしたっけって
2,6,18,0,2,6,20,0,あはははは
2,6,20,0,2,6,24,0,一度あれお仕事とかで関係があったりとか
2,6,24,0,2,6,28,0,オーラと呼ばれる関係性でしたっけって
2,6,28,0,2,6,30,0,って思います
2,6,30,0,2,6,36,0,コメント欄とかリプ欄とか全然自分に対して言われてるのは平気だけど
2,6,36,0,2,6,39,0,あの他のチャンネルとかで関係ないところで見てると
2,6,39,0,2,6,41,0,あん?って思う
2,6,41,0,2,6,43,0,知り合いか?
2,6,43,0,2,6,45,0,って思いますね
2,6,45,0,2,6,47,0,なるほどね
2,6,47,0,2,6,52,0,推しによって違うからみんな自分の推しはどんなタイプか調べよう
2,6,52,0,2,6,53,0,あははは
2,6,53,0,2,6,56,0,もう私は基本的になんでもいい
2,6,56,0,2,7,1,0,ほんとにねこの3人まじで違うんだよねきれいにタイプが
2,7,1,0,2,7,7,0,なんでもいいリスナーさんが幸せにいてくれればなんでもいい
2,7,7,0,2,7,9,0,みんなの発言じゃん
2,7,9,0,2,7,13,0,私はたあちゃんに迷惑かけなきゃなんでもいいですね別に
2,7,13,0,2,7,15,0,うんなんでもいいよ
2,7,15,0,2,7,17,0,生きままだからな
2,7,17,0,2,7,18,0,まあまあでもなんでもいい
2,7,18,0,2,7,21,0,ちょっと気構ってって感じだからね本当は言えないな
2,7,21,0,2,7,23,0,あははは
2,7,23,0,2,7,25,0,まあみんな違ってみんないい
2,7,25,0,2,7,29,0,ということで今日はですねおかしいな1時間半で終わろうと思ったんですけど
2,7,29,0,2,7,31,0,なんか2時間9分経ってましたので
2,7,31,0,2,7,37,0,そろそろね皆さんにお知らせをして配信を終わろうかなと思います
2,7,37,0,2,7,42,0,で我々12月3日にですねライブがあります
2,7,42,0,2,7,43,0,え?
2,7,43,0,2,7,44,0,"1,2,3ジャンプがね"
2,7,44,0,2,7,46,0,"1,2,3ジャンプ"
2,7,46,0,2,7,49,0,"1,2,3ジャンプがありますので"
2,7,49,0,2,7,54,0,こちらがね我々も多分出るので
2,7,54,0,2,7,56,0,よかったらチェック
2,7,56,0,2,7,58,0,おそらくね
2,7,58,0,2,8,0,0,サムネにいるのに
2,8,0,0,2,8,3,0,おそらく出ると思うので
2,8,3,0,2,8,8,0,こちら出なかったら青組のユニット出る用はなんだったんだろうね青色の
2,8,8,0,2,8,9,0,青組?
2,8,9,0,2,8,10,0,え?なんですかそれ
2,8,10,0,2,8,17,0,えなんかあの宣伝にカラーユニットもあるよの中に青色の丸あったけど
2,8,17,0,2,8,18,0,私黒
2,8,18,0,2,8,20,0,青じゃないかもな
2,8,20,0,2,8,21,0,黒だから
2,8,21,0,2,8,23,0,ソロかなじゃあ
2,8,23,0,2,8,25,0,いや青系は一緒でしょ
2,8,25,0,2,8,27,0,シャルちゃんだけか
2,8,27,0,2,8,29,0,へー
2,8,29,0,2,8,32,0,いやでも黒はいないでしょ1人で
2,8,32,0,2,8,35,0,七人出るかもしれない
2,8,35,0,2,8,38,0,なんと黒猫七人2人でね
2,8,38,0,2,8,41,0,出るかもしれない
2,8,41,0,2,8,44,0,声出せないからバックダンサーだよ黒猫
2,8,44,0,2,8,46,0,そりゃおもろくない?
2,8,46,0,2,8,48,0,歌って黒猫バックダンサー
2,8,48,0,2,8,50,0,いやいいね
2,8,50,0,2,8,52,0,私も踊るわ一緒に
2,8,52,0,2,8,55,0,誰も歌わない
2,8,55,0,2,8,58,0,黒猫20人くらい作ってもらうわじゃあ
2,8,58,0,2,8,59,0,あーいいね
2,8,59,0,2,9,1,0,分身してもらって
2,9,1,0,2,9,2,0,いいね
2,9,2,0,2,9,3,0,みんなで踊るわ
2,9,3,0,2,9,4,0,いいね
2,9,4,0,2,9,6,0,ダンスのね
2,9,6,0,2,9,8,0,出なかったりするかもしれないのでね
2,9,8,0,2,9,9,0,よかったらチェックしてください
2,9,9,0,2,9,12,0,他お二人は何かお知らせありますか
2,9,12,0,2,9,15,0,僕はもうすぐ誕生日
2,9,15,0,2,9,16,0,おめでとう
2,9,16,0,2,9,17,0,ありがとう
2,9,17,0,2,9,18,0,めでたい
2,9,18,0,2,9,21,0,まよろしく
2,9,24,0,2,9,26,0,よろしく
2,9,26,0,2,9,28,0,よろしく
2,9,28,0,2,9,29,0,シャルちゃんは
2,9,29,0,2,9,30,0,以上です
2,9,30,0,2,9,33,0,アルは7ヶ月後誕生日
2,9,33,0,2,9,35,0,おめでとう
2,9,35,0,2,9,36,0,言ってくれるんだ
2,9,36,0,2,9,38,0,おめでとう
2,9,38,0,2,9,41,0,おめでたいよ
2,9,41,0,2,9,43,0,7ヶ月後なのに
2,9,43,0,2,9,46,0,もうすぐだって7ヶ月って言ったらさ
2,9,46,0,2,9,47,0,いやほんとだよ
2,9,47,0,2,9,49,0,もう1年もないんでしょ
2,9,49,0,2,9,51,0,やばい
2,9,51,0,2,9,54,0,確かにみんな1年ないだろ常に
2,9,57,0,2,9,58,0,ありがとう
2,9,58,0,2,10,0,0,グッズとかってもう決まってんの
2,10,0,0,2,10,2,0,まだ全然決めてないね
2,10,2,0,2,10,5,0,まだ話にも出てきてないかな
2,10,5,0,2,10,7,0,え、そうなの
2,10,7,0,2,10,8,0,そろそろだね
2,10,8,0,2,10,10,0,そろそろ決めていかないとね
2,10,10,0,2,10,11,0,そうなのね
2,10,11,0,2,10,13,0,楽しみだな
2,10,13,0,2,10,16,0,早いな楽しみになるのが
2,10,16,0,2,10,18,0,今から楽しみだよ
2,10,18,0,2,10,21,0,前回のグッズが今届くぐらいなんだよね
2,10,21,0,2,10,23,0,そうだね
2,10,23,0,2,10,24,0,ちょうだい
2,10,24,0,2,10,25,0,ちょっと前から
2,10,27,0,2,10,29,0,シャルちゃんのグッズちょうだい
2,10,29,0,2,10,32,0,遅いな
2,10,32,0,2,10,34,0,今度なんか
2,10,34,0,2,10,37,0,いちかちゃんのグッズちょうだい
2,10,37,0,2,10,39,0,誕生日今度出るでしょ
2,10,39,0,2,10,40,0,いいよ
2,10,40,0,2,10,43,0,全部ちょうだい全部セット
2,10,43,0,2,10,44,0,え?
2,10,44,0,2,10,46,0,次でいい?
2,10,46,0,2,10,48,0,次でいい?
2,10,48,0,2,10,49,0,7ヶ月後?
2,10,49,0,2,10,51,0,7ヶ月後でいい?
2,10,51,0,2,10,55,0,それ用に買ってなかったからちょっとないかな今
2,10,55,0,2,10,59,0,ルカ子のグッズも全部セットちょうだい
2,10,59,0,2,11,2,0,もうちょっと受注販売終わっちゃってるからな
2,11,2,0,2,11,4,0,ごめんね
2,11,4,0,2,11,7,0,次なの11ヶ月後にちょうだいじゃん
2,11,7,0,2,11,9,0,分かった11ヶ月後ね約束ね
2,11,9,0,2,11,11,0,すぐだから
2,11,11,0,2,11,15,0,オーラルカ子は誕生日グッズじゃなくてぬいぐるみちょうだい
2,11,15,0,2,11,17,0,そうだねぬいぐるみあげる
2,11,17,0,2,11,19,0,確かにおじいのぬいぐるみ
2,11,19,0,2,11,21,0,オーラルカ子ぬいぐるみ
2,11,21,0,2,11,28,0,じゃあそういうことで皆さんもぜひともポムの会の制服ご応募ください
2,11,28,0,2,11,30,0,そうだよ
2,11,30,0,2,11,32,0,ハッシュタグポムの会で平気ですか
2,11,32,0,2,11,34,0,はい
2,11,34,0,2,11,36,0,ハッシュタグポムの会で何卒よろしくお願いします
2,11,36,0,2,11,38,0,でも制服ってわけじゃなくていいの?
2,11,38,0,2,11,40,0,わかる?
2,11,40,0,2,11,41,0,わかるんじゃない?
2,11,41,0,2,11,42,0,じゃあポムの服にする
2,11,42,0,2,11,43,0,じゃあポムの服
2,11,43,0,2,11,44,0,ポムの服
2,11,44,0,2,11,46,0,じゃあポムの服にします
2,11,46,0,2,11,47,0,はい
2,11,47,0,2,11,51,0,ということで皆さんも深夜遅くまでお付き合いありがとうございました
2,11,51,0,2,11,52,0,明日は
2,11,52,0,2,11,53,0,明日は
2,11,53,0,2,11,55,0,明日ってか日付変わって土曜日ですね
2,11,55,0,2,11,57,0,いい週末をお過ごしください
2,11,57,0,2,11,58,0,はい
2,11,58,0,2,12,3,0,今日遊びに来てくれたお二人の情報については概要欄にありますのでチェックのほうをよろしくお願いします
2,12,3,0,2,12,5,0,よろしくお願いします
2,12,5,0,2,12,8,0,高評価チャンネル登録Twitterのフォローもどうぞお願いします
2,12,8,0,2,12,13,0,それではおつぽむぽむ
2,12,13,0,2,12,15,0,おつぽむぽむでお願いします
2,12,15,0,2,12,17,0,よかったら好きなだけつけていいよ
2,12,17,0,2,12,19,0,好きなだけつけていきたいと思います
2,12,19,0,2,12,21,0,それではせーの
2,12,21,0,2,12,38,0,おつぽむぽむぽむぽむ
2,12,38,0,2,12,40,0,変わっちゃうまた
2,12,40,0,2,12,42,0,また変わっちゃうそれ
2,12,42,0,2,12,44,0,ぶれる軸がぶれる
2,12,44,0,2,12,51,0,どこもれだしでとか言ったらそうだよ俺たちオムライスだけを信じて生きていこうよこれ かないだよ
2,12,51,0,2,12,57,0,サイズとかプリンとか言っちゃいけでもサイズは行こうよ いや先に行っ
2,12,57,0,2,13,6,0,いや先にサイズやっぱなんてだよ ステップがあるからステップ感が最初だって最初からそんなポムの木は良くないって一回
2,13,6,0,2,13,13,0,サイズ挟んでからポムがいいと思う 500円以内で100日後にポムの木にしよう
2,13,13,0,2,13,17,0,おー懐かしい 前も言ってたよ
2,13,17,0,2,13,25,0,それまでに10ずつ別のポムポイントを貯めていくってこと?
2,13,25,0,2,13,31,0,なるほどねじゃあ俺たちがポムの木のレベルに達してないから えどうやったら達すんだろう
2,13,31,0,2,13,36,0,オムライスを100個食べる
2,13,36,0,2,13,40,0,いいじゃん 100個目にポムの木
2,13,40,0,2,13,44,0,3人で合計100個目 あーいいじゃんスタンプラリー
2,13,44,0,2,13,49,0,100日後にポムの木に行くVTuberっていうタグでツイートしていこう
2,13,49,0,2,13,54,0,100皿後だ100皿後 じゃあそういう感じにします
2,13,54,0,2,14,7,0,バイバイ
